StudentID,CourseID
S3522,209
S1267,32
S822,263
S1251,15
S3643,74
S3842,309
S4855,85
S3484,375
S868,356
S3932,488
S573,45
S493,180
S545,227
S4526,438
S3039,231
S2067,259
S1043,56
S4371,262
S1680,54
S3425,192
S4734,377
S2908,257
S4409,29
S4188,338
S2033,17
S3718,464
S4510,53
S2296,214
S2309,290
S1107,208
S387,459
S615,478
S3078,445
S2225,68
S220,402
S527,406
S1887,253
S517,22
S4794,451
S100,124
S4659,192
S2985,76
S4443,140
S3416,378
S3858,327
S110,153
S1227,209
S1645,195
S3965,351
S1050,488
S1860,22
S4471,18
S2106,243
S668,373
S2153,358
S2946,165
S2312,270
S4331,137
S2580,43
S900,461
S3883,36
S193,223
S2892,30
S2923,125
S4544,22
S2365,148
S2949,202
S404,39
S3566,268
S2076,255
S2804,188
S3518,213
S3226,360
S3259,227
S1077,21
S1559,382
S1876,399
S1331,127
S183,257
S3242,413
S1198,323
S3167,191
S4281,426
S817,195
S2776,59
S3950,242
S4807,364
S477,109
S3140,231
S2881,348
S31,299
S4685,329
S4073,458
S2824,78
S2613,460
S418,157
S1024,220
S4333,84
S3542,77
S4099,173
S4614,210
S2694,129
S2806,464
S2601,377
S3838,293
S1814,27
S3769,335
S1522,80
S1441,68
S2869,159
S238,354
S3685,497
S3429,284
S1395,229
S4183,320
S1318,410
S4829,16
S4269,349
S3148,365
S3115,242
S1636,434
S3828,364
S3266,96
S2056,61
S2732,206
S1109,301
S1168,327
S4743,203
S89,32
S1391,154
S3300,353
S691,80
S135,92
S1389,113
S4377,55
S3421,358
S2081,60
S2072,253
S1536,376
S3054,290
S437,151
S4980,410
S296,481
S3532,482
S4943,287
S4573,275
S2256,427
S3417,277
S1600,256
S4883,85
S4567,100
S4541,268
S4738,172
S78,425
S4244,172
S1324,488
S2105,163
S3776,293
S881,211
S2254,410
S1067,374
S461,277
S1493,265
S4297,462
S1064,259
S2857,224
S4922,30
S79,149
S1836,384
S1993,305
S1333,340
S164,80
S711,212
S3111,152
S3195,283
S830,498
S4146,294
S2749,69
S4573,79
S2448,180
S2310,73
S4844,484
S2253,391
S4855,379
S2835,273
S1112,196
S221,256
S3210,377
S2902,169
S1736,473
S2164,97
S1818,467
S4993,465
S1595,114
S1603,337
S979,169
S3123,259
S3988,66
S4916,275
S68,439
S4374,160
S4000,267
S3240,411
S1795,421
S3504,246
S3630,136
S3416,209
S1296,452
S4432,231
S2642,156
S1311,131
S4981,141
S4442,82
S1804,403
S1640,409
S4846,322
S2527,88
S791,146
S1348,421
S2196,294
S1992,364
S701,377
S946,336
S3498,39
S2978,396
S1635,489
S1275,321
S78,303
S4631,125
S4584,486
S4132,326
S2523,100
S2219,243
S2632,279
S462,405
S3846,407
S2619,496
S2365,304
S4927,378
S1136,396
S2993,11
S2146,52
S1946,334
S1802,44
S3503,421
S562,123
S698,474
S4913,444
S4354,294
S3149,466
S869,253
S4067,20
S3514,52
S4394,321
S1375,388
S4700,74
S4530,468
S646,493
S2689,499
S2003,129
S2594,68
S168,65
S992,125
S3844,172
S4606,138
S2453,457
S4071,111
S3477,236
S3113,21
S2487,134
S593,463
S2957,398
S746,424
S4897,340
S3444,66
S4306,392
S394,289
S658,6
S4666,286
S2079,258
S3446,306
S1722,286
S2886,419
S1004,435
S1183,423
S2799,66
S4939,59
S2571,394
S320,94
S4347,80
S3815,133
S1425,430
S410,451
S736,148
S3730,471
S168,305
S364,441
S4728,255
S1359,245
S439,10
S3590,217
S2880,487
S3189,130
S613,415
S4031,437
S2603,374
S2455,8
S3524,23
S1198,213
S701,195
S836,108
S4140,155
S3744,147
S2407,106
S2183,421
S1007,98
S1213,150
S908,70
S1947,96
S337,478
S1025,275
S4761,60
S912,168
S2975,106
S1218,104
S779,215
S2373,130
S163,335
S803,65
S1170,36
S4926,472
S1399,97
S3391,260
S2918,206
S4489,301
S2954,429
S4170,8
S1345,257
S4728,267
S4324,161
S650,261
S1846,474
S354,312
S1457,57
S1446,415
S3212,50
S805,212
S1858,227
S3591,414
S2185,231
S2437,315
S3172,461
S2320,43
S3962,387
S19,266
S176,421
S3998,124
S1242,318
S568,412
S4732,261
S4513,308
S843,61
S1168,225
S191,266
S3672,118
S1972,500
S1989,371
S1467,14
S1397,365
S282,29
S1251,190
S373,199
S806,180
S3145,275
S2866,7
S3499,23
S4829,459
S4566,322
S159,380
S2597,477
S4039,290
S1464,269
S3275,94
S3405,45
S2139,440
S3514,23
S1487,304
S3322,1
S1739,25
S534,122
S2956,390
S4958,437
S315,461
S4253,77
S3242,357
S1526,143
S4593,291
S604,449
S1085,286
S3005,201
S1132,148
S2468,26
S3556,74
S685,175
S3276,74
S3995,313
S3791,270
S4047,125
S3441,281
S2985,332
S719,412
S433,499
S2001,143
S4361,249
S4104,446
S2770,380
S154,354
S2706,54
S3894,59
S4590,257
S1586,306
S4346,25
S221,171
S2786,424
S2048,230
S215,173
S1266,125
S2448,239
S2079,181
S3814,33
S1369,204
S2916,52
S1048,104
S616,279
S3297,390
S672,11
S3775,289
S897,218
S3817,438
S2622,44
S4750,74
S1069,77
S1717,282
S895,92
S3518,101
S2965,452
S3022,270
S4901,251
S1669,154
S3830,97
S1489,105
S4599,371
S4685,92
S2134,489
S2198,9
S635,118
S3616,41
S4117,103
S851,169
S4431,218
S2186,236
S2011,273
S1252,140
S3595,141
S2660,70
S1884,322
S732,347
S2338,385
S2467,82
S2988,36
S1715,210
S122,415
S203,113
S1008,26
S4769,159
S3731,123
S366,376
S2980,145
S848,157
S3105,478
S1524,426
S2420,82
S2265,164
S3388,298
S4679,22
S10,153
S3473,342
S203,216
S619,448
S4943,315
S31,89
S3610,181
S4599,18
S4252,35
S4069,434
S4464,274
S1748,356
S4457,410
S1679,170
S2574,328
S808,130
S4341,134
S3230,494
S2044,96
S2364,220
S3234,490
S3756,13
S2008,162
S4139,308
S2294,225
S3112,309
S3165,376
S4826,70
S3685,90
S2552,422
S1697,50
S2610,170
S2077,342
S4687,236
S3641,165
S1695,284
S2623,144
S4606,342
S2843,12
S2640,75
S2270,214
S956,254
S2473,354
S2057,354
S1185,316
S801,372
S4272,400
S1559,244
S4213,37
S4241,236
S1975,129
S1758,345
S2570,15
S1252,9
S3527,57
S395,34
S1451,162
S895,198
S1369,420
S2641,75
S2237,129
S2414,151
S4161,391
S3368,188
S2588,332
S1077,173
S2594,236
S3196,362
S4054,36
S253,184
S4590,218
S903,130
S1838,82
S448,385
S3179,207
S4788,166
S3997,365
S3633,461
S4101,436
S1955,127
S1072,179
S4887,342
S2521,296
S3407,304
S2498,169
S260,221
S611,408
S3984,96
S4521,443
S4077,35
S3401,490
S2106,400
S3558,456
S4194,298
S4071,450
S876,287
S871,260
S2209,36
S1746,89
S3234,89
S4590,68
S4210,282
S3404,114
S2785,129
S3005,169
S1086,276
S4856,84
S4188,208
S1565,384
S4261,216
S2446,169
S2664,32
S1811,121
S1333,361
S3157,405
S387,487
S1121,260
S2846,355
S4830,141
S198,151
S1188,203
S4207,245
S4204,248
S38,498
S4206,258
S4406,129
S4697,297
S4623,349
S2653,342
S4144,113
S4115,411
S3441,167
S1689,144
S4720,307
S1873,128
S2243,180
S3259,231
S246,58
S3456,436
S900,166
S3459,345
S1222,263
S4360,258
S2432,448
S2515,446
S671,375
S3407,458
S2878,354
S4804,396
S1219,443
S4024,79
S767,472
S3195,11
S4741,36
S312,403
S2039,437
S3455,388
S662,431
S1305,142
S4171,89
S3031,133
S709,306
S3659,343
S1540,135
S814,145
S2000,284
S2601,397
S3770,165
S1847,376
S4502,206
S1792,142
S1644,267
S4726,249
S2992,312
S696,43
S226,182
S4478,430
S3269,500
S964,472
S3117,32
S913,379
S2815,223
S1677,268
S1416,171
S1247,372
S4090,478
S3111,125
S1126,190
S1173,55
S1738,336
S4918,14
S2117,346
S411,306
S1375,323
S1595,25
S1005,219
S2078,22
S3007,226
S4797,261
S4850,123
S717,348
S2156,165
S4669,138
S964,123
S4438,474
S4547,172
S1008,373
S2823,117
S1496,111
S181,495
S1967,247
S567,460
S2335,33
S3133,19
S872,97
S77,95
S3079,307
S431,248
S4640,495
S196,227
S4285,171
S935,68
S4185,431
S2977,24
S3290,50
S2116,195
S4643,62
S2974,279
S3454,70
S3407,489
S4395,259
S2489,401
S2889,263
S2795,413
S3319,381
S1346,78
S4479,35
S3255,443
S383,5
S1396,168
S2749,63
S3392,387
S2300,30
S4215,90
S1885,95
S1347,243
S1042,407
S4231,284
S3242,498
S4450,407
S3812,464
S4704,309
S3614,459
S1437,393
S469,443
S853,338
S3789,499
S3227,153
S2153,388
S3707,176
S1647,172
S2903,379
S1841,167
S4359,113
S967,43
S4446,282
S1271,4
S3248,423
S3861,65
S2563,409
S2357,88
S1325,13
S3768,192
S1720,425
S4627,225
S2270,373
S4460,398
S1002,378
S2663,122
S949,135
S4504,278
S2377,393
S2708,12
S2372,467
S4022,25
S2590,410
S521,340
S1663,335
S3172,327
S844,9
S4843,238
S3239,446
S3528,500
S4275,349
S1755,494
S2871,143
S1646,234
S4544,495
S1204,366
S3289,286
S1279,214
S3071,122
S1001,190
S4244,423
S61,262
S4705,69
S18,211
S3439,244
S905,213
S2217,488
S3252,116
S2573,325
S2340,345
S4029,245
S3306,217
S1740,66
S348,374
S1252,305
S1294,179
S23,450
S419,415
S4005,18
S3825,121
S4415,454
S204,4
S3772,253
S2031,13
S1226,336
S2864,338
S3997,33
S530,384
S2702,169
S1004,177
S2377,202
S3238,381
S4240,456
S3459,341
S4410,451
S680,89
S1185,90
S4797,274
S4061,13
S925,446
S3041,277
S3405,34
S466,25
S4492,345
S1294,364
S2472,10
S2146,482
S4618,364
S4958,60
S3240,316
S4801,446
S3022,397
S1079,387
S3616,35
S620,377
S4961,352
S816,206
S1730,367
S2041,373
S717,83
S3202,217
S2990,315
S135,153
S520,244
S3245,411
S2282,495
S914,152
S2914,326
S1595,103
S3686,74
S4451,420
S3717,90
S129,43
S4653,113
S4401,342
S1421,138
S2636,144
S4326,433
S3230,369
S4038,83
S381,123
S412,41
S2417,379
S910,192
S541,89
S1699,342
S23,154
S4496,192
S1861,280
S2840,316
S1908,312
S4554,220
S4485,274
S3250,108
S4183,41
S2562,281
S110,380
S1174,185
S3793,76
S4804,487
S4284,274
S2587,105
S4920,344
S2085,218
S2558,225
S2146,299
S220,426
S2293,13
S3611,477
S2613,110
S1504,268
S1117,355
S2147,168
S4696,402
S4818,350
S3044,344
S1383,101
S1040,192
S554,397
S4859,498
S1847,241
S1081,196
S456,143
S1517,441
S4078,270
S2653,476
S31,1
S764,280
S3213,442
S3892,159
S1990,222
S2698,275
S3208,333
S3200,49
S693,206
S3645,485
S4953,136
S1696,405
S1646,493
S723,148
S2163,361
S3838,149
S1628,317
S508,96
S4749,207
S4228,474
S2437,298
S1228,455
S1359,121
S3507,193
S4970,398
S800,135
S2531,149
S4473,456
S3994,350
S2725,163
S2718,194
S4634,439
S1406,336
S4067,52
S4178,472
S4629,106
S1117,401
S3833,260
S4982,174
S714,186
S4685,173
S2642,171
S1787,257
S3992,425
S2618,14
S1497,387
S4450,176
S3237,159
S215,128
S3177,410
S3314,299
S3045,356
S4598,267
S3870,165
S4057,163
S4729,147
S1452,408
S4452,25
S3455,187
S3325,351
S4506,160
S3647,375
S1211,246
S4039,79
S774,294
S1575,29
S3108,303
S4446,206
S3451,372
S4608,283
S3890,166
S2713,492
S440,354
S1961,240
S470,412
S3928,63
S2059,255
S4473,488
S2997,370
S4329,387
S765,31
S1071,451
S4512,182
S205,437
S4596,404
S1684,252
S2049,177
S1410,224
S4467,2
S3925,281
S2334,353
S281,419
S567,383
S66,83
S3184,29
S1389,351
S2892,338
S2371,287
S2280,237
S3899,456
S301,46
S246,412
S4283,272
S4324,226
S3859,491
S169,89
S4633,329
S3857,67
S2657,477
S3582,137
S3375,448
S4929,248
S3438,444
S521,297
S1835,454
S3228,256
S725,85
S1185,414
S2575,52
S561,381
S1893,450
S300,133
S3470,69
S1404,46
S1647,174
S1336,17
S2590,405
S3039,123
S538,63
S4328,144
S4074,275
S1647,160
S4872,35
S3209,67
S4358,379
S724,408
S645,256
S3583,111
S4919,266
S4112,149
S3853,453
S1264,71
S3418,476
S1685,145
S2823,36
S97,332
S2083,272
S42,302
S4341,451
S230,492
S4063,242
S1948,395
S460,283
S3928,419
S4554,380
S4341,460
S4302,15
S4842,77
S1743,341
S1878,278
S1752,36
S1364,203
S2162,377
S3691,9
S487,206
S1827,362
S2420,103
S1954,144
S623,226
S2070,463
S151,471
S2269,423
S295,438
S2835,428
S606,466
S4135,295
S2968,72
S1487,263
S500,181
S3948,261
S1825,339
S1559,198
S2486,258
S3320,421
S3403,87
S4531,363
S1223,212
S4162,257
S1580,236
S3178,284
S2397,101
S3902,66
S2652,185
S3484,172
S2282,251
S1999,193
S3521,459
S3901,243
S3721,498
S4155,360
S3329,17
S1685,408
S1347,77
S4495,35
S841,329
S3956,321
S851,152
S66,304
S4564,411
S4243,19
S1120,387
S2194,121
S2668,202
S57,175
S1081,197
S4919,230
S1014,358
S1731,373
S2930,133
S4536,116
S2883,422
S2707,154
S745,482
S3503,269
S330,242
S3582,406
S428,11
S2175,404
S3999,200
S365,341
S383,449
S4328,438
S4537,327
S3084,156
S4195,336
S2007,428
S4841,440
S2694,64
S329,162
S2247,241
S2202,154
S4727,239
S1792,388
S897,429
S2111,292
S3261,15
S3628,56
S4916,186
S4183,389
S3626,293
S1045,45
S2067,446
S1852,62
S3288,14
S466,461
S3503,38
S1622,94
S2874,273
S3529,336
S3631,167
S882,286
S1295,170
S665,340
S955,423
S1180,338
S3041,406
S3971,410
S2450,86
S1734,308
S1300,189
S1475,119
S1270,244
S3328,362
S1407,441
S1890,382
S1343,177
S4359,127
S261,488
S4960,223
S1560,360
S113,161
S2813,206
S3154,105
S3353,264
S1768,425
S699,479
S116,290
S1397,290
S544,104
S920,469
S4297,479
S2976,181
S605,338
S3452,402
S4177,296
S4711,6
S2370,20
S4006,345
S1028,143
S3329,239
S3972,30
S1105,396
S2107,4
S3933,117
S2942,180
S42,234
S4525,470
S2697,280
S3285,37
S851,243
S1670,305
S802,381
S276,106
S406,379
S2750,351
S693,91
S4086,9
S485,17
S3823,17
S1205,393
S3926,348
S4016,311
S582,478
S4342,154
S1235,157
S2440,47
S2344,191
S3775,134
S1160,332
S2391,294
S2039,134
S1703,438
S35,420
S1717,254
S1787,384
S3508,228
S322,345
S4526,462
S1467,444
S478,481
S157,464
S1466,81
S2361,419
S2783,419
S3219,384
S3659,282
S69,394
S3743,312
S849,471
S2891,496
S4014,100
S768,44
S3266,239
S4005,13
S1623,99
S2957,395
S2327,154
S3749,17
S284,69
S977,165
S1942,415
S477,201
S4960,279
S3870,293
S3288,412
S3203,144
S2094,195
S2253,488
S3035,62
S4713,186
S641,162
S196,336
S3289,127
S3238,277
S4010,469
S2706,411
S1949,390
S1317,320
S3368,491
S4189,48
S4742,386
S921,471
S264,255
S156,299
S614,169
S1968,149
S1796,19
S4734,486
S1260,299
S1045,165
S2864,45
S3856,334
S807,28
S3702,183
S2789,226
S629,216
S336,462
S2825,278
S1812,44
S2021,215
S601,81
S477,381
S2299,10
S3933,271
S772,129
S4351,13
S1824,169
S2110,323
S4791,160
S625,330
S2953,291
S3450,256
S2356,347
S4073,423
S1075,18
S4196,378
S3211,73
S1877,345
S2349,92
S3344,423
S409,231
S303,102
S2325,359
S1812,292
S585,60
S261,55
S3423,125
S2854,119
S894,135
S3043,243
S4776,284
S1415,470
S2227,207
S4908,15
S3019,146
S1765,326
S4419,448
S3848,117
S2834,300
S2394,303
S3445,374
S524,359
S4854,68
S3259,183
S2156,392
S2350,15
S3394,490
S2825,191
S2057,317
S4762,51
S2516,38
S3439,109
S4254,349
S2875,195
S3805,389
S765,268
S732,213
S2250,266
S4714,210
S2396,320
S853,114
S1600,237
S4069,479
S4191,113
S905,374
S4073,262
S995,256
S3058,459
S2211,20
S747,395
S1873,439
S4661,13
S2735,115
S4093,287
S2582,329
S2536,166
S1695,307
S790,413
S2,62
S3217,408
S4006,460
S497,317
S2559,37
S4525,147
S1359,262
S652,382
S3623,455
S4120,228
S1357,285
S4457,218
S4745,71
S988,261
S2194,23
S2039,429
S718,261
S4407,36
S4558,456
S3611,104
S3898,219
S1668,270
S1384,121
S1132,329
S4996,176
S2273,446
S4358,73
S1313,224
S2930,333
S3478,267
S2529,249
S1136,290
S2071,426
S4253,211
S4374,332
S1691,388
S36,2
S4185,263
S1531,351
S1580,375
S461,13
S17,216
S3252,105
S215,230
S2063,39
S3172,379
S2834,42
S986,109
S3927,235
S2110,289
S2568,290
S1024,302
S3284,59
S4333,63
S3985,306
S3461,39
S1473,363
S918,343
S3257,454
S1134,476
S4578,365
S1288,29
S3191,265
S4359,67
S3748,138
S3269,160
S4741,28
S3915,264
S1807,361
S3917,166
S4803,201
S2295,454
S2096,316
S1570,190
S1936,364
S2745,461
S3329,248
S1057,447
S606,252
S4152,354
S2230,84
S3085,101
S782,261
S4592,175
S4237,125
S2617,434
S1893,457
S3158,117
S542,312
S4906,185
S1932,324
S528,282
S2537,185
S3193,29
S4701,160
S4,254
S3303,292
S3373,91
S1296,307
S2224,397
S4227,124
S4244,176
S2212,194
S2415,367
S1496,94
S2335,286
S2720,337
S1698,457
S4959,329
S3819,394
S3261,84
S960,32
S2453,43
S1397,249
S105,185
S2634,474
S3665,99
S1762,97
S4189,224
S958,112
S2622,365
S516,148
S60,325
S3908,152
S2157,324
S288,262
S807,421
S3891,394
S398,171
S745,406
S3382,270
S4572,456
S2834,135
S4185,31
S1360,391
S3750,176
S471,385
S4186,58
S2749,253
S4690,130
S3086,96
S3302,210
S4373,142
S1439,419
S4036,321
S3160,457
S1838,110
S229,349
S181,122
S4241,455
S1690,208
S1958,224
S399,247
S3576,185
S3429,57
S471,108
S4916,311
S3694,471
S4663,323
S3157,278
S119,275
S1401,143
S118,297
S7,197
S3947,362
S4002,44
S1781,347
S1244,252
S3895,457
S4719,487
S4461,162
S4863,380
S2033,394
S4869,208
S1763,429
S3879,26
S1854,105
S3650,346
S2099,403
S2313,138
S3524,265
S4402,194
S4190,418
S631,183
S397,344
S3394,500
S3996,216
S4539,61
S2168,163
S3164,319
S2062,204
S3457,97
S7,245
S1388,429
S2296,405
S2538,41
S357,217
S112,358
S1442,243
S3840,267
S1074,165
S3200,403
S2843,207
S1344,310
S3768,261
S4234,116
S3084,488
S1651,493
S1263,444
S3049,43
S3325,289
S1804,283
S1684,356
S2863,348
S4792,308
S736,375
S1583,160
S317,179
S2994,476
S186,393
S2214,199
S2043,228
S3813,256
S412,451
S4274,447
S509,484
S2964,97
S4816,330
S4568,313
S3612,447
S4820,85
S1014,490
S529,154
S1247,90
S2330,245
S4621,342
S2955,72
S1566,335
S3474,248
S3401,128
S4855,101
S4441,381
S2390,414
S636,202
S3196,428
S3506,451
S3329,241
S2820,5
S851,206
S206,352
S3374,250
S4726,328
S3417,99
S1987,199
S48,123
S2453,398
S401,238
S1650,297
S1120,497
S560,249
S2486,36
S4352,23
S3028,321
S4966,295
S2092,263
S804,394
S2913,227
S69,326
S4207,131
S1277,453
S4472,148
S4630,464
S1845,239
S399,346
S3135,5
S3147,204
S3657,296
S1975,57
S2594,183
S3574,264
S1136,400
S3228,115
S2731,454
S3013,481
S564,418
S1472,163
S3770,151
S1405,268
S1501,462
S2738,248
S4015,232
S4605,64
S3480,387
S1699,160
S2537,247
S4950,380
S3733,320
S2249,223
S4549,322
S3495,89
S4437,29
S1201,244
S4998,467
S1961,298
S1709,154
S1267,177
S2781,6
S1748,254
S1396,236
S1205,251
S3132,382
S2840,226
S455,316
S2564,457
S4581,344
S3499,307
S2144,158
S2732,300
S3760,271
S229,5
S2471,243
S183,144
S1717,447
S1381,9
S191,386
S4419,251
S1962,120
S1721,391
S2887,36
S4223,357
S3791,133
S2949,91
S331,196
S3539,6
S1896,310
S179,226
S4626,38
S4838,331
S1587,42
S3939,276
S356,480
S3132,410
S675,121
S1041,389
S3768,2
S1663,346
S2308,24
S301,240
S968,353
S4760,369
S364,322
S1019,305
S2690,112
S3542,141
S2620,451
S3875,417
S4836,163
S1773,297
S162,178
S1503,29
S3426,333
S3562,61
S314,44
S1104,460
S3749,10
S2211,309
S4404,153
S2273,264
S4982,31
S396,399
S4790,185
S513,220
S2697,135
S1999,127
S304,39
S1244,240
S4737,5
S49,212
S4217,28
S547,481
S500,385
S3794,249
S3140,462
S2154,372
S1958,329
S4003,259
S3736,103
S920,100
S483,346
S3086,59
S2546,113
S4723,176
S2529,401
S780,59
S4536,144
S3842,84
S2267,199
S1843,131
S904,131
S2518,109
S1060,167
S1387,382
S1845,204
S623,383
S810,43
S3266,478
S80,183
S891,496
S2845,157
S3259,295
S4061,118
S2822,128
S1848,226
S937,11
S2124,426
S3068,100
S2838,196
S4484,16
S3885,386
S4401,68
S4806,207
S1924,198
S4659,271
S2597,459
S1008,333
S3886,479
S231,252
S41,327
S4134,394
S3818,436
S3813,313
S2041,213
S1582,422
S2441,333
S4673,335
S353,94
S1229,109
S164,61
S4614,227
S2821,136
S903,4
S4685,43
S2002,439
S886,134
S54,193
S4029,167
S1981,268
S1182,258
S1956,196
S4559,63
S4096,95
S2002,499
S3827,489
S86,64
S451,332
S4600,143
S261,109
S2261,105
S222,118
S3251,432
S55,19
S2263,199
S468,183
S3278,152
S2650,67
S1018,211
S1815,299
S3353,217
S2905,438
S4092,423
S1585,53
S1953,337
S2700,334
S307,308
S2019,202
S3634,157
S809,348
S3730,132
S3241,328
S283,9
S4489,495
S39,96
S4414,172
S3658,316
S1213,412
S1333,326
S3612,492
S801,481
S1648,50
S4122,74
S3616,383
S24,372
S1956,8
S3064,493
S4025,117
S4301,152
S4566,121
S331,6
S2011,430
S3754,50
S3608,216
S1436,69
S3327,256
S2068,490
S1630,404
S4876,223
S3566,396
S4360,136
S2421,15
S4156,26
S575,312
S4806,422
S3639,270
S4446,141
S1100,463
S2510,246
S2847,153
S3174,228
S4865,425
S4979,203
S1201,455
S1387,327
S859,476
S1931,310
S1014,98
S3639,343
S2523,480
S388,165
S842,352
S898,194
S1619,226
S557,262
S2462,452
S4859,399
S153,146
S2521,495
S114,351
S120,448
S4287,31
S4816,241
S516,238
S2660,448
S2020,163
S4268,238
S1097,53
S1791,279
S2321,201
S2450,298
S24,275
S4485,16
S4776,111
S3276,32
S2302,41
S1245,462
S2929,70
S1024,116
S4379,396
S1015,490
S1031,50
S777,448
S1778,388
S4284,121
S1425,387
S661,55
S1258,457
S1773,379
S1279,456
S943,282
S32,401
S29,340
S2549,154
S1061,206
S819,181
S4902,158
S3018,187
S543,302
S2835,192
S3313,206
S1673,94
S4654,14
S882,437
S3293,202
S4900,482
S3639,294
S1784,38
S3984,117
S1134,472
S544,464
S4232,262
S3936,355
S4513,488
S3179,263
S2939,110
S2441,125
S1192,218
S4795,318
S4026,247
S2031,74
S471,301
S1569,220
S4686,410
S4237,88
S1315,291
S4141,232
S4062,488
S3482,147
S4418,369
S664,436
S735,205
S2334,92
S1044,446
S4702,354
S4816,222
S1272,223
S3941,408
S2252,29
S3281,116
S3094,93
S2227,9
S1531,49
S2878,211
S1425,78
S1870,14
S2912,463
S143,108
S2365,346
S1882,319
S1504,394
S1701,282
S2867,318
S2557,251
S392,68
S243,220
S2368,74
S2216,453
S4302,108
S643,108
S2038,387
S1080,477
S2329,4
S2066,40
S4816,314
S904,330
S940,410
S785,220
S4497,438
S708,476
S3598,245
S3672,269
S2079,353
S2264,495
S594,254
S1759,286
S2429,493
S3527,232
S4571,206
S3671,490
S4885,209
S335,132
S1762,379
S1350,420
S4120,39
S974,285
S937,368
S1965,317
S3913,444
S2123,396
S296,330
S2062,366
S2128,170
S4383,442
S4042,23
S1497,82
S4768,40
S4701,4
S2437,368
S1055,13
S3556,191
S2766,189
S1839,39
S2665,401
S1708,416
S80,104
S1796,306
S3001,414
S4570,324
S2289,277
S1856,94
S4344,135
S2728,485
S4229,51
S3914,81
S2540,447
S3746,436
S1216,53
S3107,152
S2660,418
S1932,345
S3881,309
S3647,124
S4762,232
S3726,347
S1000,31
S3993,429
S1374,186
S689,388
S1645,450
S4337,3
S4054,34
S2140,35
S4602,122
S4348,326
S4062,64
S1662,111
S3772,219
S4529,310
S4833,142
S2937,308
S2961,68
S2542,400
S2516,473
S1857,410
S3424,240
S2356,54
S2581,291
S136,231
S3018,270
S654,402
S382,49
S2668,152
S2598,297
S1095,219
S4781,76
S1547,250
S1276,430
S2621,490
S2948,394
S3790,154
S2492,419
S197,338
S450,38
S3019,346
S3050,12
S3256,107
S3230,421
S4439,47
S551,488
S2199,135
S4673,400
S3777,65
S4242,109
S199,56
S2847,94
S4263,121
S179,64
S3767,364
S3048,35
S3106,226
S1229,260
S1021,346
S4761,268
S3886,75
S2027,418
S2699,12
S2438,472
S4986,249
S1536,294
S1180,177
S4818,408
S1342,275
S2182,302
S1422,159
S4242,264
S4621,228
S1165,191
S2549,195
S4848,275
S4446,420
S1267,241
S4817,260
S1917,341
S2213,196
S3366,438
S3540,329
S4879,293
S4332,145
S2290,244
S2880,229
S4898,486
S3605,420
S3499,8
S2812,313
S1173,224
S642,444
S2003,497
S738,172
S3359,154
S245,29
S177,113
S143,124
S98,428
S3558,287
S1501,337
S1491,491
S1520,71
S1406,81
S1087,200
S60,332
S4506,190
S1608,71
S2941,450
S2125,98
S1058,300
S2074,83
S750,234
S515,121
S346,138
S208,35
S2708,175
S2774,164
S281,372
S3233,390
S4775,60
S1705,118
S1146,212
S2050,121
S3082,323
S3852,308
S3930,26
S4008,180
S4512,114
S2951,373
S4589,184
S4697,44
S1037,196
S4521,321
S4742,79
S4708,61
S1632,126
S2601,16
S3116,302
S3057,414
S3054,417
S3883,138
S4001,215
S3362,162
S3985,254
S3890,435
S656,418
S745,21
S3512,284
S1089,78
S3650,237
S254,230
S677,94
S1886,360
S3804,363
S113,182
S2243,294
S830,67
S680,366
S707,119
S4378,152
S971,60
S3403,76
S1346,273
S3490,155
S3209,360
S1585,87
S2378,153
S910,464
S2992,321
S579,436
S482,4
S3693,250
S1646,140
S115,103
S197,378
S1010,154
S933,46
S912,214
S125,254
S3172,355
S2395,82
S2895,437
S2273,263
S569,223
S1265,286
S630,479
S2345,114
S4467,310
S1929,55
S4424,15
S1140,143
S4572,5
S2684,233
S915,333
S1891,362
S2738,334
S1156,100
S3830,13
S2882,435
S4197,59
S3702,89
S1196,316
S3366,90
S965,256
S4830,47
S1136,413
S2758,227
S3588,330
S215,433
S1923,474
S3324,488
S4977,412
S1123,200
S4138,451
S923,18
S3143,487
S4388,257
S3535,272
S4669,194
S3004,436
S4682,440
S3805,267
S3541,428
S4536,185
S2777,229
S4649,167
S4001,90
S4217,318
S2063,84
S2629,340
S3739,377
S2361,130
S3599,278
S2107,173
S4912,269
S4903,256
S375,261
S3160,148
S4626,147
S3174,432
S1036,387
S2687,180
S2783,179
S993,266
S4946,261
S2546,120
S2275,400
S260,343
S435,38
S636,214
S3560,81
S488,27
S2395,382
S2041,298
S1232,122
S2607,90
S1081,186
S4732,464
S4519,200
S3403,137
S2556,289
S2857,209
S1853,57
S1216,15
S1378,327
S2160,50
S3186,406
S1845,201
S4975,144
S3603,401
S2161,272
S1839,367
S1139,362
S2486,63
S2293,163
S1062,273
S2223,303
S2271,164
S3940,395
S2226,477
S4348,303
S524,26
S1075,382
S4561,103
S2925,239
S412,203
S4641,1
S4332,280
S3632,370
S2020,97
S2474,172
S945,363
S2164,350
S74,168
S2420,215
S4981,219
S3601,17
S4588,133
S2251,313
S646,305
S2152,302
S245,328
S1092,23
S1571,371
S1398,262
S2966,455
S3829,32
S4344,63
S1878,361
S365,7
S3674,500
S686,98
S255,69
S1468,90
S2417,51
S2281,464
S4219,348
S2837,427
S3343,297
S1129,118
S3299,447
S4123,211
S4074,179
S2340,90
S1926,222
S908,242
S4348,472
S4657,36
S3103,150
S1072,176
S3548,161
S3114,265
S1879,284
S873,131
S2205,380
S3,121
S2194,179
S549,26
S3584,389
S3718,83
S3151,353
S3939,365
S3811,288
S4322,471
S2130,53
S4288,29
S1135,337
S1494,402
S2341,403
S4959,429
S2221,130
S4716,30
S1517,186
S3577,449
S2492,89
S3462,312
S1190,334
S498,61
S1772,478
S854,150
S98,238
S2596,477
S3050,432
S592,425
S885,226
S3914,141
S1369,280
S1239,456
S4074,418
S4047,30
S1815,360
S4183,377
S3111,347
S3483,183
S4076,212
S2812,493
S2034,469
S1252,437
S3583,3
S2516,266
S2362,489
S2911,162
S299,38
S3120,113
S1394,435
S523,331
S1682,150
S169,173
S2675,465
S3766,102
S4802,216
S3238,443
S2978,298
S862,463
S1285,59
S3204,491
S4462,232
S3320,2
S2961,332
S3503,347
S893,364
S3039,299
S1902,136
S1563,317
S563,454
S1629,149
S604,458
S2493,55
S3888,353
S3991,22
S3592,263
S2641,56
S1910,331
S3596,255
S3966,98
S2759,316
S3963,127
S3853,139
S3210,478
S3711,330
S2439,125
S697,219
S1908,289
S773,300
S3623,464
S1101,116
S4832,378
S1559,500
S3614,23
S3836,486
S4187,200
S3863,219
S3220,231
S2977,272
S1911,58
S2803,203
S2565,158
S2565,181
S104,234
S2738,324
S207,391
S4712,150
S4308,371
S2794,406
S4110,252
S3247,194
S1128,228
S1147,47
S1210,241
S1345,239
S4457,144
S1125,173
S2242,328
S3732,278
S3415,173
S1079,313
S506,383
S1979,289
S1743,326
S446,165
S4326,96
S4292,367
S4532,414
S1375,398
S2113,464
S2973,418
S1251,95
S2923,496
S2060,261
S233,170
S1979,412
S4224,373
S472,451
S691,101
S3170,345
S848,150
S4504,382
S1514,132
S1720,15
S3131,75
S3423,324
S3941,395
S2009,150
S490,258
S3919,283
S2953,49
S944,45
S852,359
S1967,289
S4822,288
S3013,126
S1156,217
S1181,291
S3917,196
S4082,311
S4281,265
S2561,256
S1861,430
S1485,11
S3488,414
S1443,47
S1618,2
S3478,325
S44,175
S1899,197
S3585,351
S4381,112
S4496,377
S1488,140
S4077,147
S2891,220
S3173,373
S623,32
S77,213
S1236,392
S4412,35
S4055,296
S553,271
S2555,425
S1930,163
S1841,126
S4111,210
S1613,266
S3535,245
S3248,36
S3011,440
S3223,177
S2409,456
S1014,72
S2507,16
S1963,321
S2713,142
S1679,195
S1938,348
S552,394
S3166,472
S2252,217
S1454,490
S654,321
S2348,5
S2368,495
S2669,209
S4606,96
S3727,39
S1869,368
S3268,495
S4162,394
S2326,38
S4755,136
S3103,193
S4109,70
S2377,129
S4814,489
S4667,286
S2196,117
S4116,246
S4113,485
S283,325
S3854,250
S129,22
S1248,238
S4394,431
S2940,147
S4067,138
S2374,403
S2051,36
S172,209
S4541,101
S4180,216
S2127,351
S1029,369
S2854,459
S4001,66
S2518,308
S3177,395
S994,306
S1840,378
S3971,480
S421,22
S3913,22
S1526,163
S4447,481
S1579,214
S2582,478
S1350,444
S3689,309
S4413,47
S895,225
S1389,177
S3657,467
S4777,217
S3064,386
S2505,149
S1131,214
S192,158
S587,267
S4995,127
S4242,180
S4070,297
S4359,45
S2975,469
S4075,428
S4584,174
S4594,159
S2825,37
S4717,380
S1592,171
S3097,463
S2929,106
S1064,120
S2236,51
S2475,468
S4688,324
S111,249
S538,62
S2569,489
S4401,273
S379,176
S2510,134
S2168,438
S1676,437
S383,414
S4758,302
S4808,311
S3874,379
S2130,77
S3320,223
S3646,393
S3532,225
S3357,438
S1140,122
S3720,185
S3110,402
S138,362
S257,307
S519,215
S665,397
S2763,173
S4406,394
S4564,114
S2104,282
S179,63
S4749,24
S1703,169
S218,134
S3825,296
S2090,141
S809,181
S4271,441
S1593,172
S1029,441
S3567,491
S4780,483
S2294,317
S1296,335
S256,238
S3809,272
S2464,296
S3327,120
S2162,236
S2130,356
S1554,262
S109,267
S4701,478
S790,456
S4102,368
S505,59
S2259,345
S3498,79
S4582,87
S895,432
S2112,286
S1384,143
S3105,384
S2724,26
S3241,231
S1671,429
S146,368
S1571,338
S4670,446
S3122,359
S2699,264
S2424,439
S4584,158
S259,360
S2353,339
S4252,422
S2673,478
S4741,55
S4540,269
S3898,286
S2760,469
S4695,405
S742,7
S1313,461
S2183,167
S1669,197
S697,258
S4268,298
S3370,396
S2317,293
S940,186
S4336,216
S1828,494
S4650,470
S3084,483
S2904,47
S4971,107
S3353,361
S4677,382
S2933,204
S353,154
S1875,471
S1680,197
S2329,23
S141,266
S3425,332
S1352,14
S1349,14
S3084,237
S2473,451
S3072,5
S2149,220
S4000,207
S2583,107
S722,44
S877,273
S3951,30
S4201,191
S3622,363
S593,301
S391,59
S4054,42
S3695,266
S3620,175
S4323,182
S3165,153
S223,199
S3905,55
S3923,342
S59,23
S138,78
S1290,359
S4860,121
S1732,143
S1435,294
S786,219
S3564,429
S3650,181
S2023,71
S4358,134
S4820,454
S3810,94
S785,79
S4647,91
S4805,155
S166,224
S4100,35
S3558,293
S3589,55
S144,256
S3533,76
S1658,416
S1357,68
S1263,425
S3232,11
S249,472
S4257,161
S281,19
S2019,385
S2425,137
S197,230
S3795,351
S4318,353
S4438,368
S3789,15
S2082,191
S667,35
S1392,443
S1874,435
S1049,325
S2793,389
S4590,452
S2746,354
S3094,6
S1494,133
S3018,145
S1171,97
S4226,494
S4644,276
S1202,430
S811,469
S506,370
S4668,446
S2809,7
S1935,266
S3295,473
S3719,330
S4584,340
S872,273
S2095,329
S327,429
S198,186
S2313,134
S3016,96
S3665,309
S3694,423
S2495,263
S4964,157
S4688,453
S566,242
S1762,115
S865,357
S3689,60
S4170,98
S3424,237
S802,112
S115,191
S2748,178
S1062,8
S4305,169
S3144,152
S1124,261
S4471,301
S2866,423
S4934,128
S2082,170
S3329,45
S4017,119
S1783,383
S655,244
S930,11
S3691,217
S2995,201
S693,175
S4216,31
S1514,218
S1728,285
S4305,88
S1338,53
S3315,199
S3297,113
S2001,250
S1379,498
S2718,333
S2005,180
S4523,304
S667,479
S2380,89
S2515,44
S1654,434
S4362,390
S156,331
S4014,496
S173,70
S1148,37
S1793,436
S1525,332
S3585,95
S4876,166
S4128,274
S3832,214
S3491,361
S3774,191
S204,87
S3001,312
S1960,222
S3347,251
S4923,116
S999,362
S2093,280
S2582,121
S1926,34
S532,113
S3257,323
S3547,369
S2994,183
S3159,426
S2549,220
S3870,352
S1799,120
S498,384
S3950,480
S3844,246
S2354,485
S4588,353
S1847,100
S773,118
S2078,149
S2645,73
S2661,300
S2252,65
S3984,223
S2828,379
S2904,443
S4409,455
S1098,441
S3127,78
S1429,21
S3698,308
S4138,166
S4754,5
S720,333
S4048,52
S3275,459
S4261,154
S1222,339
S4273,230
S2893,343
S1050,30
S2237,101
S2193,92
S2476,402
S1947,247
S3242,497
S3359,467
S2569,407
S4982,366
S2353,27
S3129,239
S4575,159
S131,493
S650,441
S768,500
S769,167
S2825,166
S2641,106
S2620,292
S1896,44
S1749,9
S3356,447
S2769,495
S1744,429
S1918,478
S1987,61
S2474,211
S3556,6
S382,106
S3672,379
S3067,123
S4191,120
S1190,402
S3060,376
S3612,352
S1921,439
S702,215
S157,8
S2453,308
S2359,297
S3581,296
S1934,103
S3858,86
S262,81
S1743,307
S4769,37
S2655,167
S628,48
S4148,461
S3100,241
S3042,437
S4020,199
S576,40
S1228,260
S4261,317
S1900,236
S4968,234
S546,111
S3532,173
S1392,43
S1522,117
S1671,361
S2885,39
S578,331
S1790,453
S2920,156
S1299,361
S2943,299
S1016,155
S3261,338
S2321,93
S2516,169
S496,400
S2319,293
S164,223
S1803,233
S71,92
S2325,91
S1794,308
S2786,364
S2515,103
S2442,131
S4707,78
S1505,231
S4857,430
S3606,156
S2868,118
S2342,454
S1177,322
S857,256
S4760,240
S835,311
S3830,180
S2717,117
S402,320
S2463,159
S855,309
S2324,3
S2247,250
S2263,484
S1349,465
S4154,232
S3086,67
S1703,223
S2938,435
S1620,294
S154,90
S2144,460
S3281,402
S1198,116
S3941,423
S2626,371
S4283,491
S1242,339
S4920,328
S155,326
S1780,190
S132,234
S4830,295
S752,115
S895,215
S851,292
S1360,19
S3209,106
S1281,194
S1206,368
S2351,244
S1972,180
S3858,344
S3238,312
S242,383
S3404,351
S966,295
S4662,177
S1737,376
S3909,376
S2261,382
S3294,63
S3409,343
S2356,36
S474,157
S3474,461
S3944,80
S2624,227
S1309,326
S3486,349
S1478,418
S3277,341
S3597,134
S4180,316
S593,472
S460,298
S2705,471
S2827,24
S3302,322
S1813,177
S1796,109
S3757,309
S428,319
S4061,441
S2360,440
S1659,245
S547,121
S91,32
S1621,438
S2330,154
S2774,82
S2747,477
S3600,28
S1971,471
S4070,300
S1601,312
S4821,158
S2286,109
S1,25
S1934,471
S2352,395
S3454,273
S2376,111
S1252,355
S2333,79
S722,287
S1999,78
S450,111
S3000,405
S4850,321
S1455,344
S3537,74
S657,258
S267,471
S1235,61
S4315,432
S3836,137
S53,219
S2609,68
S4471,293
S3466,182
S4669,225
S1245,360
S3353,228
S3459,375
S2643,277
S3307,208
S103,303
S2687,380
S2085,109
S1430,229
S1538,83
S1333,47
S606,96
S113,277
S3313,217
S368,470
S4972,58
S2463,391
S502,471
S759,142
S1913,494
S370,419
S4888,476
S2781,365
S1333,436
S4896,451
S4465,179
S3592,141
S1644,84
S1513,29
S3419,76
S2724,178
S1241,497
S2088,191
S1177,2
S4186,101
S12,240
S4800,308
S4010,492
S1166,77
S3115,119
S1978,8
S4680,109
S4327,494
S2358,36
S3457,192
S3966,274
S4047,292
S922,244
S1899,237
S1103,137
S4356,108
S644,435
S4885,266
S2775,329
S1344,312
S705,49
S3709,354
S3228,470
S286,349
S592,162
S4889,409
S189,240
S4846,335
S2552,292
S3095,201
S1609,294
S3862,444
S684,5
S4104,274
S67,138
S411,354
S416,148
S3476,497
S454,264
S614,420
S2124,481
S1161,173
S2421,24
S210,102
S2113,190
S3638,314
S2171,390
S1340,284
S3651,451
S4398,275
S4007,80
S4899,398
S4122,254
S3526,140
S1246,449
S1164,393
S1242,384
S4667,484
S3015,80
S2885,209
S2581,397
S1223,54
S3231,197
S3857,352
S4290,440
S1282,184
S200,233
S897,321
S2771,388
S651,407
S147,99
S4342,371
S4054,368
S396,283
S1250,81
S3538,253
S989,390
S312,427
S3623,200
S3238,32
S4603,487
S1300,250
S4988,493
S2294,385
S2244,258
S3985,57
S3898,461
S4871,119
S760,440
S1589,373
S1612,70
S471,470
S4657,101
S1788,176
S642,56
S2523,411
S1035,320
S4532,381
S1526,44
S3280,344
S1444,302
S2126,318
S475,214
S817,177
S2083,209
S1451,123
S1432,248
S531,113
S1313,310
S977,437
S1443,97
S434,475
S2084,425
S2369,143
S2134,477
S3451,208
S2682,366
S2823,475
S2151,116
S4221,29
S3089,397
S1108,454
S4331,447
S216,42
S226,277
S410,321
S639,418
S4881,409
S4442,380
S1586,146
S4532,267
S645,304
S2822,23
S3875,498
S1219,38
S231,267
S4952,489
S2679,26
S636,265
S1662,42
S1786,450
S454,273
S3906,441
S2321,172
S4804,6
S1619,191
S902,279
S2229,211
S1471,179
S1775,200
S3520,230
S4127,395
S2943,134
S1560,342
S3840,32
S2687,231
S4659,319
S3751,484
S4279,8
S68,127
S4973,198
S3902,73
S4375,260
S4227,193
S3776,105
S1602,45
S1206,255
S1643,290
S141,79
S2759,493
S3824,310
S822,161
S2663,258
S3260,99
S2246,137
S930,437
S3280,58
S361,269
S2420,262
S3871,352
S3067,85
S4579,224
S3925,33
S4847,437
S649,287
S4688,49
S2240,272
S1790,278
S2048,106
S3632,248
S1920,405
S857,230
S2816,243
S2399,70
S1495,242
S1680,481
S1317,460
S4623,359
S769,232
S4574,273
S4303,131
S4435,395
S4105,442
S3578,83
S2430,448
S1958,138
S3748,201
S1261,169
S1572,496
S2822,205
S1787,152
S2237,113
S2821,396
S1271,195
S3091,29
S3084,139
S1327,362
S2550,428
S3683,86
S1664,373
S4124,180
S151,417
S3596,317
S59,228
S2717,323
S1358,13
S807,211
S4068,411
S989,63
S2711,289
S3659,266
S2095,29
S4447,420
S832,196
S2987,479
S3920,411
S3705,296
S4651,268
S1455,299
S3149,387
S4940,59
S1170,109
S2281,273
S3926,90
S3010,62
S2411,437
S3520,69
S2500,171
S1559,280
S4381,322
S3345,142
S3621,129
S324,65
S3041,326
S675,60
S4033,387
S4394,344
S4493,450
S1772,286
S4004,192
S2167,474
S2570,127
S3594,199
S2847,40
S566,123
S1304,320
S1478,143
S3162,142
S470,168
S3288,257
S3416,207
S2152,210
S447,367
S4624,40
S2819,235
S2524,473
S1750,76
S321,233
S543,224
S90,309
S379,80
S4018,437
S1424,460
S2415,102
S688,195
S4987,128
S200,348
S2918,418
S2929,270
S1355,146
S1591,48
S3545,130
S484,157
S3831,482
S2574,68
S4125,187
S1792,89
S2728,420
S2192,425
S544,368
S3440,386
S4460,328
S3740,254
S1325,329
S1125,155
S1648,238
S2480,299
S723,36
S1078,129
S408,296
S1397,326
S218,223
S2006,324
S1912,45
S3918,329
S3629,221
S4432,395
S3135,137
S2395,60
S1464,348
S558,137
S2217,321
S4733,258
S537,207
S889,160
S4187,410
S222,468
S3042,135
S3715,174
S3616,357
S3478,354
S2050,114
S1644,157
S2362,286
S3867,131
S1998,96
S3892,317
S4298,339
S1788,450
S2219,77
S4090,153
S2723,79
S1838,234
S3326,373
S4919,155
S2026,369
S2624,392
S4233,127
S591,336
S2399,218
S1858,299
S4628,152
S1983,198
S4213,321
S2783,318
S1718,110
S3305,235
S897,401
S203,337
S2275,142
S1808,168
S4659,69
S1295,33
S2807,184
S3590,176
S2581,37
S1511,308
S358,110
S4521,166
S2067,144
S4414,435
S4221,174
S2512,174
S2015,366
S4751,54
S4869,27
S620,266
S1916,135
S3358,275
S577,440
S4706,420
S790,301
S3796,208
S2210,79
S3593,474
S2284,205
S3862,229
S747,452
S246,371
S3922,478
S2698,394
S1954,124
S1256,452
S2762,225
S2262,209
S1832,165
S1150,192
S3741,171
S4404,194
S2436,205
S1145,324
S3023,107
S4834,144
S2194,295
S3891,362
S4515,428
S4808,175
S4469,445
S4476,233
S4592,289
S4906,147
S1279,154
S1952,27
S1515,190
S2877,203
S3964,391
S247,406
S35,234
S4840,364
S4114,477
S1162,184
S2282,177
S1191,25
S3358,210
S100,201
S1502,486
S1107,99
S4112,293
S4661,174
S4412,336
S2372,405
S518,235
S2949,146
S4154,197
S2421,246
S4968,121
S1058,124
S4996,361
S1340,462
S294,308
S4657,99
S3207,211
S105,189
S2940,159
S1882,492
S551,136
S4270,81
S3935,268
S1977,274
S2791,363
S1288,24
S982,135
S2915,451
S382,479
S915,210
S1082,398
S2594,306
S3875,322
S4170,40
S1129,272
S1818,32
S2278,18
S4581,88
S2005,486
S2241,139
S4312,269
S1826,70
S4908,384
S3348,363
S2394,72
S1833,335
S465,271
S1482,378
S277,31
S519,146
S3861,81
S2215,155
S4825,437
S44,47
S1686,33
S476,196
S598,174
S3302,474
S4858,237
S4664,13
S4676,223
S866,322
S2343,274
S3017,297
S2993,101
S767,403
S3908,239
S3621,376
S370,151
S990,249
S4026,305
S4590,1
S4186,124
S409,102
S2801,319
S3273,442
S3984,115
S2646,365
S2495,346
S2211,108
S1986,24
S458,42
S1323,143
S3319,191
S4509,384
S1546,437
S1259,280
S3515,338
S507,239
S3747,134
S3529,170
S404,451
S3304,431
S3896,74
S4661,85
S1988,231
S4411,245
S1515,307
S1784,351
S1435,263
S2171,110
S4955,115
S354,169
S1890,218
S4957,331
S684,62
S2907,186
S405,130
S325,166
S3708,106
S77,123
S3296,463
S3500,166
S1215,35
S3845,91
S4542,125
S409,484
S3177,167
S2225,195
S803,458
S1651,113
S4522,313
S2559,375
S2532,277
S915,70
S3434,278
S3580,253
S837,481
S230,464
S1450,118
S2120,99
S1503,461
S2033,164
S2423,495
S4129,185
S87,167
S3551,255
S2074,89
S644,240
S22,488
S3105,199
S2612,361
S2024,73
S4825,274
S1817,222
S3943,465
S4258,91
S4876,404
S2417,374
S4829,475
S1417,53
S1271,51
S3453,284
S4235,477
S4905,238
S2495,403
S3522,42
S1026,230
S1137,44
S1638,480
S556,209
S881,318
S3903,426
S1099,173
S567,294
S3667,371
S1782,69
S3290,318
S3900,108
S2299,137
S734,55
S4503,462
S91,279
S3832,346
S4101,483
S4547,277
S489,400
S899,304
S3758,380
S748,145
S1562,31
S4974,248
S167,400
S2280,324
S3310,296
S4001,319
S3967,241
S1957,357
S213,321
S1952,451
S55,409
S3234,363
S1819,398
S4366,254
S1954,355
S4011,494
S1599,322
S1522,471
S2195,370
S4962,412
S472,215
S1780,458
S2789,25
S2535,466
S3650,111
S3971,97
S1851,253
S1732,452
S3080,220
S4472,37
S4823,227
S4893,56
S4220,125
S2828,492
S3649,128
S1941,313
S362,344
S2161,217
S391,95
S2349,294
S1552,482
S4000,341
S3721,320
S272,94
S1980,495
S3851,301
S2201,469
S718,74
S2617,95
S3890,418
S4534,47
S1148,399
S3186,156
S379,90
S4444,157
S3042,384
S4702,447
S758,243
S87,483
S2735,352
S2144,293
S943,289
S3861,283
S3763,344
S4747,127
S3393,466
S3325,105
S1635,487
S3021,290
S1117,280
S940,207
S187,385
S2703,383
S726,253
S4934,167
S3801,383
S3162,250
S2118,94
S1395,127
S962,459
S2672,248
S1702,411
S451,40
S1832,201
S1302,273
S3648,64
S4551,450
S1903,325
S3342,123
S4398,370
S238,41
S2799,389
S1770,50
S4054,260
S2790,89
S3254,166
S2957,303
S816,479
S1685,81
S4298,334
S542,137
S878,198
S4438,320
S3132,97
S2600,480
S1336,164
S4649,178
S1176,450
S351,82
S1733,131
S1798,103
S1228,28
S3982,435
S3771,74
S2194,87
S4350,243
S239,128
S1895,393
S3140,275
S4284,194
S3555,232
S161,315
S3187,497
S1582,496
S4284,477
S3325,301
S938,466
S4206,462
S1318,11
S4692,340
S136,3
S1581,164
S3576,202
S4643,106
S1702,165
S951,105
S2423,280
S4838,36
S4470,411
S555,121
S3032,175
S647,358
S1449,347
S1350,414
S3471,16
S1416,372
S2986,113
S1649,427
S542,140
S3118,492
S2796,466
S2334,222
S4343,47
S1730,27
S2056,2
S3283,386
S856,420
S3539,88
S3284,469
S3537,11
S3283,87
S63,290
S1203,448
S3152,487
S1789,214
S4228,357
S265,113
S3835,68
S965,386
S4086,462
S789,86
S862,484
S3678,332
S2882,420
S3480,21
S2244,371
S3729,232
S3527,174
S1578,229
S3485,367
S4993,8
S1683,346
S252,44
S3900,17
S3941,189
S109,95
S1019,449
S1942,326
S3807,60
S3559,470
S2143,395
S1239,29
S1253,329
S2372,292
S1059,125
S3888,268
S1347,163
S1695,195
S4666,244
S1827,199
S332,72
S3956,456
S2838,137
S667,460
S1036,71
S4052,89
S4082,361
S2492,461
S1018,265
S4532,216
S4237,376
S1140,74
S1961,72
S4626,39
S3744,483
S668,500
S2601,42
S270,33
S4022,92
S499,222
S4335,376
S2549,267
S3410,373
S3139,85
S1235,226
S412,259
S4652,216
S1969,130
S651,151
S3538,242
S1619,352
S3185,227
S4850,391
S745,457
S2537,83
S4743,175
S2287,92
S3786,121
S1691,224
S1634,411
S4318,58
S3270,36
S1708,369
S2937,248
S3966,247
S653,1
S210,359
S2,311
S4747,247
S3692,16
S896,131
S262,402
S4059,285
S134,164
S2407,480
S4428,301
S2883,130
S3819,378
S3254,456
S739,261
S1445,414
S3179,234
S1445,23
S571,316
S1914,68
S644,265
S545,320
S3125,338
S3514,111
S4133,71
S2238,415
S3821,173
S2261,478
S1797,41
S280,154
S3515,174
S1140,159
S1084,11
S1855,33
S1695,38
S617,476
S4794,268
S4210,465
S449,71
S3370,294
S3756,231
S3028,379
S3616,408
S1615,261
S4209,49
S2196,151
S2870,397
S4527,213
S3534,72
S664,33
S1315,6
S922,476
S1438,426
S4714,391
S3855,111
S3921,155
S3393,482
S1050,422
S3733,198
S822,289
S3344,99
S2686,69
S3724,295
S4040,398
S3057,426
S2515,218
S3235,174
S3024,245
S3407,221
S3476,439
S4584,335
S4961,346
S4561,217
S2249,357
S3384,279
S56,500
S3892,374
S3045,183
S944,135
S30,365
S4128,155
S3406,250
S3091,106
S3328,407
S1844,441
S4908,328
S3763,467
S443,450
S3149,299
S1496,230
S1688,195
S3310,239
S3229,135
S477,406
S3258,192
S3230,253
S369,20
S3517,226
S2200,120
S3238,175
S2787,409
S2028,108
S704,143
S1161,382
S3888,462
S528,153
S446,265
S589,55
S65,431
S3909,442
S4889,391
S3882,47
S793,434
S697,451
S2605,248
S2457,332
S1441,204
S189,8
S157,302
S485,221
S2343,205
S2589,248
S2528,330
S2004,433
S4598,419
S3072,89
S2289,31
S640,381
S792,301
S1844,257
S2523,37
S3784,301
S537,209
S3882,64
S2380,38
S1931,144
S4073,494
S3367,332
S1157,481
S1928,465
S104,486
S592,306
S1194,359
S2254,252
S2387,496
S4382,13
S3631,302
S611,247
S4666,50
S4675,65
S4754,38
S4795,155
S2356,419
S100,234
S473,294
S3945,460
S4890,288
S2549,280
S2310,162
S1257,497
S675,287
S3485,364
S4052,214
S4801,157
S4942,185
S2629,252
S4574,162
S4204,172
S1813,4
S770,202
S4238,488
S2720,102
S1086,236
S2084,314
S2554,441
S4050,162
S1150,345
S1502,326
S2381,100
S826,296
S2009,309
S1814,438
S2134,198
S1382,245
S905,376
S4185,56
S2174,197
S3802,56
S1968,422
S3909,231
S2338,241
S254,318
S4035,80
S3506,258
S1957,84
S2539,221
S1798,3
S428,125
S1833,80
S4803,230
S2673,362
S2782,281
S770,6
S3777,138
S3319,282
S341,377
S2167,87
S1964,312
S4610,178
S183,170
S4613,305
S1377,145
S2044,191
S1151,157
S822,73
S578,96
S985,47
S586,279
S3452,467
S1048,360
S2369,273
S3034,190
S2796,309
S1227,96
S1809,236
S252,85
S292,338
S4040,273
S1609,318
S1729,36
S641,326
S1168,42
S4178,253
S1552,84
S4217,351
S1624,288
S4163,159
S4521,277
S2537,82
S122,423
S319,450
S4452,158
S3557,367
S2717,386
S1248,344
S1513,9
S3174,472
S1907,379
S1503,34
S4449,17
S4945,203
S3327,60
S247,60
S3908,421
S701,317
S1440,48
S2768,468
S4133,112
S480,90
S308,485
S3426,209
S4764,275
S1027,84
S3878,217
S538,268
S1417,24
S462,148
S3877,72
S257,38
S3525,193
S3487,281
S66,84
S677,247
S2517,373
S674,143
S1050,402
S1902,67
S2730,328
S4034,366
S1458,293
S4252,203
S3773,36
S568,379
S4896,20
S1576,317
S1588,101
S4105,129
S3461,473
S1488,217
S1039,237
S301,387
S3513,353
S2688,269
S4242,35
S1399,284
S1551,337
S2765,87
S1884,46
S2663,83
S383,444
S402,247
S3449,110
S937,102
S110,287
S214,185
S1976,124
S2840,38
S4155,275
S1822,299
S2031,255
S3963,252
S2514,33
S3496,6
S3558,238
S2209,420
S3263,247
S4091,235
S1074,433
S3403,6
S2606,140
S4502,248
S1337,252
S1894,68
S3668,452
S2459,130
S4050,191
S4776,2
S4248,156
S4203,29
S4459,343
S4481,462
S2973,64
S3320,174
S4894,438
S563,326
S3080,9
S4161,461
S3077,218
S1120,409
S890,402
S262,179
S2843,455
S895,243
S3691,489
S1456,490
S3647,384
S2754,168
S4440,137
S3872,32
S3664,434
S2815,161
S1001,218
S4782,63
S3640,393
S148,90
S2990,283
S734,103
S2385,172
S4516,396
S3454,479
S659,305
S435,154
S1450,397
S3708,411
S1076,101
S2203,381
S4252,303
S4215,264
S2965,107
S2049,215
S3426,78
S2876,184
S1628,51
S1846,125
S4761,81
S493,106
S238,2
S2411,128
S1484,418
S1573,333
S2581,136
S2584,2
S4083,423
S189,481
S53,76
S57,78
S2123,156
S1036,351
S3663,150
S2697,498
S1409,56
S3378,132
S3877,48
S1596,457
S2464,10
S3385,368
S4146,165
S419,178
S2057,206
S3756,5
S4895,123
S4233,57
S1070,179
S2647,317
S4496,228
S3296,484
S305,31
S4390,9
S2537,131
S3865,157
S4744,324
S3064,19
S3892,224
S2515,417
S792,392
S1761,309
S421,475
S2323,64
S4134,315
S4599,422
S4900,461
S2467,105
S2070,266
S4460,479
S2610,184
S3774,487
S375,165
S2081,132
S4036,461
S565,14
S3870,391
S3850,332
S2658,238
S1344,359
S2554,288
S507,154
S117,411
S4031,48
S2618,264
S1837,131
S2010,15
S4408,242
S4658,65
S4726,138
S4460,132
S1312,99
S4372,488
S4262,159
S3594,314
S3173,344
S3110,170
S2790,221
S4880,272
S1186,96
S1120,158
S4592,320
S146,328
S4854,122
S617,283
S2694,175
S3906,67
S3532,333
S4849,358
S1433,449
S1047,82
S402,240
S3691,386
S483,373
S1405,464
S4542,337
S543,198
S697,23
S1269,6
S1531,462
S3587,100
S4993,290
S3849,217
S3069,347
S2729,81
S3315,80
S274,75
S1341,378
S3031,104
S4803,23
S1276,360
S2767,387
S3157,105
S2099,346
S480,359
S2214,346
S2677,480
S455,120
S4562,137
S50,146
S659,453
S4716,42
S126,364
S1501,493
S384,201
S70,21
S3754,333
S4111,126
S3446,51
S1820,249
S683,11
S4014,401
S574,419
S3751,492
S263,59
S199,272
S2173,119
S3373,308
S993,137
S1499,204
S2386,260
S3347,389
S3203,379
S4625,263
S2782,146
S1453,37
S2803,19
S4492,339
S4334,189
S1153,147
S4490,328
S1770,243
S1386,403
S2211,233
S3796,455
S2653,172
S1175,56
S2795,434
S2088,316
S2231,320
S4197,5
S4533,63
S31,72
S4204,499
S708,134
S3895,490
S64,15
S416,50
S4302,176
S3784,122
S1310,167
S151,402
S2254,228
S673,467
S850,327
S1904,342
S4463,167
S2394,172
S3615,7
S2931,400
S1559,325
S623,336
S16,22
S1473,92
S1145,35
S431,119
S3489,272
S1314,286
S4813,23
S3205,369
S1675,343
S4147,246
S751,173
S1126,216
S4108,37
S3427,295
S2411,307
S4867,146
S3750,169
S3359,203
S4234,120
S2119,131
S1097,15
S3627,257
S4973,200
S4947,209
S650,169
S346,230
S3096,499
S2802,445
S1431,447
S1538,82
S1413,32
S3984,130
S557,416
S1433,127
S1649,477
S3203,60
S4040,6
S1058,380
S4211,167
S4209,433
S3456,263
S1409,120
S4901,257
S4226,396
S4250,258
S2445,429
S1938,233
S533,12
S2620,262
S3619,467
S464,395
S991,477
S369,285
S1655,410
S2030,1
S2401,74
S912,125
S1998,10
S4541,428
S1096,282
S761,20
S3621,436
S397,302
S2658,183
S4338,285
S3858,138
S4544,211
S1476,461
S4247,11
S3836,454
S3677,423
S1221,143
S2967,310
S1431,27
S996,46
S3219,301
S1379,96
S257,368
S3076,347
S4513,79
S3564,364
S3934,39
S2661,423
S3274,471
S3711,397
S3729,215
S3968,359
S2573,340
S1937,77
S1370,483
S2313,349
S976,282
S3030,63
S1322,72
S176,45
S419,271
S1624,31
S4020,111
S3113,463
S3273,322
S4409,204
S3485,125
S1889,283
S4406,242
S1416,303
S2342,465
S4575,89
S373,154
S2030,195
S2884,68
S4599,176
S2060,253
S1892,214
S2643,439
S2163,348
S1290,227
S3485,440
S111,367
S3917,345
S1922,368
S1969,205
S1021,437
S450,219
S2493,277
S3673,181
S1468,274
S2122,408
S3041,363
S3087,449
S4894,477
S1741,191
S3376,341
S578,409
S496,246
S2247,20
S4496,77
S1016,334
S2318,307
S3044,484
S1584,291
S3815,486
S938,438
S1769,126
S4761,195
S1728,498
S2353,35
S4217,348
S1891,441
S1779,359
S376,425
S4056,22
S4362,461
S3304,251
S327,409
S895,43
S4858,25
S2943,286
S871,16
S1287,300
S1116,292
S2261,13
S409,204
S3187,415
S4356,7
S1837,1
S1016,43
S3885,368
S502,47
S4453,62
S505,276
S3579,318
S4491,415
S4032,37
S2881,56
S946,81
S2434,174
S2867,461
S83,364
S1627,455
S1045,225
S3961,432
S4004,83
S3606,252
S3335,26
S1321,370
S3168,193
S1558,195
S2716,76
S430,317
S2899,423
S4286,131
S31,180
S4512,280
S4586,455
S3058,52
S4783,439
S2973,260
S1066,38
S1262,163
S4127,378
S4819,324
S1741,196
S770,474
S3503,329
S1035,351
S1363,477
S2909,89
S2668,214
S2545,461
S4722,51
S4789,8
S39,452
S2987,118
S3655,30
S613,498
S4470,213
S2824,253
S2128,109
S3233,175
S2045,15
S967,232
S342,381
S1081,64
S2108,465
S1404,385
S3739,152
S1990,35
S1225,172
S246,68
S148,230
S1573,149
S13,69
S3405,379
S3185,29
S4379,488
S3417,498
S4714,106
S105,499
S1555,159
S2962,464
S2097,386
S1662,140
S3174,258
S3157,66
S3036,419
S3348,478
S1581,409
S4474,169
S616,80
S789,282
S2033,222
S3220,53
S4753,190
S1678,477
S1845,321
S28,5
S1743,361
S1630,402
S1491,94
S3808,296
S3827,479
S3891,59
S895,290
S4961,420
S2572,142
S1122,378
S3492,19
S954,167
S114,201
S1007,166
S2728,64
S857,180
S3458,20
S220,399
S4971,91
S3544,487
S1012,338
S1047,18
S645,232
S599,291
S4356,29
S1752,118
S1849,98
S2465,9
S3726,473
S1689,126
S4291,454
S1230,141
S3228,473
S4477,65
S169,304
S1375,172
S2570,143
S3534,372
S3469,415
S1550,5
S1741,134
S56,344
S4543,406
S127,472
S1592,387
S1982,108
S3244,353
S2250,238
S2480,59
S838,121
S3789,414
S390,269
S4068,454
S1218,71
S2779,220
S2926,214
S785,333
S2653,485
S1056,325
S3912,267
S1827,135
S58,83
S404,315
S1547,469
S2232,371
S421,129
S3610,56
S3300,208
S2089,223
S2248,206
S1316,40
S1352,324
S1703,403
S3785,149
S3883,425
S2423,276
S4149,405
S2023,404
S3151,185
S1517,128
S2503,233
S1283,249
S2221,83
S3651,343
S2592,186
S1575,78
S1416,172
S4647,323
S2302,274
S1777,262
S2443,370
S1035,461
S751,211
S3291,46
S3691,194
S4237,356
S356,293
S3575,405
S136,78
S1315,251
S260,14
S3205,306
S154,266
S3126,135
S96,283
S503,342
S3829,155
S2113,96
S382,375
S856,270
S2425,178
S1941,50
S522,323
S1899,84
S4641,62
S779,219
S4489,253
S4026,449
S1952,254
S4233,469
S2332,495
S4492,50
S4971,92
S4203,212
S4046,231
S2314,465
S3826,432
S2000,17
S2910,492
S1423,96
S2033,140
S4908,125
S4493,204
S4850,83
S1705,366
S3823,349
S4990,237
S212,85
S3229,342
S77,390
S164,358
S3160,262
S500,402
S4839,214
S1371,481
S86,430
S1952,400
S1931,30
S4322,131
S1868,79
S2535,248
S4419,160
S1567,411
S3406,283
S2808,242
S3606,237
S2832,79
S4034,154
S1465,331
S2189,150
S4459,462
S471,443
S682,480
S2330,255
S1187,387
S4158,386
S4587,397
S4781,157
S3765,473
S707,92
S2814,445
S417,482
S2715,28
S331,459
S1115,439
S2523,66
S1935,464
S4387,396
S3676,33
S2409,421
S1466,271
S4248,41
S1212,460
S1315,404
S4210,165
S2997,77
S2885,341
S3538,171
S3792,70
S4360,230
S3393,365
S1411,343
S3118,59
S4546,294
S20,361
S614,249
S3661,485
S1279,293
S605,117
S1658,96
S284,108
S4471,107
S1775,347
S2158,453
S25,381
S1527,222
S3032,198
S3376,93
S1885,276
S551,450
S3142,171
S1206,409
S4751,439
S4195,165
S2571,95
S2759,305
S3127,317
S1335,413
S2917,317
S298,360
S2939,287
S321,476
S1291,12
S486,444
S3320,312
S3449,256
S3515,367
S4010,119
S2890,282
S1114,218
S4973,466
S2115,110
S362,428
S4928,102
S398,494
S2982,455
S2324,165
S2074,285
S1657,60
S4097,496
S2890,61
S2223,68
S4253,37
S127,280
S893,469
S2563,295
S2724,147
S1172,447
S4942,127
S4845,37
S2359,375
S1410,89
S2632,174
S3195,443
S4027,183
S4308,485
S3959,197
S4234,395
S4239,372
S1276,4
S3644,302
S294,41
S4388,10
S1071,366
S882,191
S766,360
S563,37
S4402,48
S1487,331
S4070,44
S1910,365
S1798,38
S3118,198
S598,74
S4070,267
S4735,169
S4336,490
S2167,329
S175,390
S4132,363
S1253,199
S960,306
S1658,317
S2226,294
S3496,491
S1343,39
S2016,9
S3854,238
S1746,250
S1823,139
S4520,482
S2187,17
S484,346
S3159,330
S4649,166
S4434,498
S1287,466
S2812,411
S996,419
S1124,100
S474,308
S2953,240
S3541,108
S1868,26
S3928,156
S3821,104
S2420,46
S2051,168
S2047,224
S1767,32
S2639,398
S865,425
S4150,383
S1725,368
S2652,335
S3957,290
S2448,114
S3487,498
S2944,225
S958,189
S2710,216
S4644,73
S1016,122
S4177,193
S2986,87
S1010,97
S3132,3
S3461,92
S4621,283
S92,19
S4823,453
S3689,169
S645,46
S4270,485
S3376,250
S1679,142
S3383,319
S4999,440
S4533,369
S3628,377
S3607,418
S4365,439
S4256,128
S739,407
S4291,121
S664,249
S4403,117
S2813,64
S2299,155
S664,363
S4712,291
S4242,45
S2202,20
S3175,214
S4890,146
S2603,202
S3816,369
S1904,97
S1742,471
S4221,291
S4558,406
S1838,311
S377,366
S2465,460
S1401,269
S2507,263
S3185,293
S138,114
S3560,202
S1513,496
S2490,150
S803,22
S4419,103
S4820,286
S2007,357
S1833,451
S4771,8
S115,173
S630,246
S1785,468
S15,426
S12,479
S1321,446
S899,494
S514,172
S853,329
S330,296
S3729,318
S1521,338
S553,268
S2447,423
S677,111
S4282,218
S4538,306
S4847,499
S1344,275
S31,90
S1135,125
S146,245
S1381,252
S4546,310
S4130,376
S2617,490
S728,273
S2194,205
S3030,467
S569,154
S3460,292
S577,115
S2545,398
S2225,203
S3437,124
S2282,44
S170,235
S1320,241
S4419,244
S3366,216
S415,500
S390,167
S605,160
S1221,199
S4008,85
S2473,183
S3437,322
S131,65
S2630,116
S3153,465
S4868,69
S1312,405
S3860,123
S3591,451
S932,24
S101,352
S2210,6
S811,81
S2650,411
S2446,182
S2350,360
S381,438
S4900,29
S2713,114
S4196,214
S2896,15
S2031,251
S3163,85
S2318,413
S395,2
S1627,172
S4378,349
S1435,335
S1055,266
S1354,43
S2775,343
S2032,28
S3110,341
S2245,80
S2723,155
S2701,64
S2621,207
S1835,15
S1911,171
S3560,182
S2954,234
S1346,261
S3190,355
S4329,258
S2861,314
S3436,462
S127,356
S3113,39
S2899,486
S1990,286
S4366,49
S3694,35
S2473,260
S4591,269
S3138,380
S4137,49
S1476,106
S1572,205
S3138,161
S1388,351
S3677,474
S1613,391
S727,117
S19,411
S2595,425
S1531,106
S3581,420
S4137,43
S1241,189
S1547,48
S2624,375
S118,237
S4998,356
S2117,465
S4517,200
S2130,91
S2310,346
S53,167
S2933,337
S3714,481
S580,482
S1612,399
S4811,68
S4519,372
S2063,106
S4205,395
S2757,85
S1354,392
S4105,333
S1228,244
S4601,125
S4877,126
S1953,410
S2267,269
S3187,34
S3103,109
S115,284
S1551,478
S4643,360
S3635,345
S936,452
S552,59
S554,10
S4011,433
S1058,3
S3049,220
S566,433
S4726,240
S3546,108
S3212,467
S4945,427
S921,397
S1429,43
S1842,452
S4908,296
S2597,146
S1404,51
S1576,305
S1297,67
S4755,11
S3245,203
S300,242
S1847,243
S1809,1
S693,437
S2413,400
S4700,58
S2145,438
S1068,392
S1058,32
S2604,408
S2056,37
S3299,184
S2229,209
S2061,232
S2802,107
S2260,471
S752,141
S1510,174
S781,125
S2642,50
S2376,121
S2137,436
S1390,4
S1499,409
S3445,386
S788,233
S2237,137
S370,356
S1467,384
S3088,452
S491,387
S3375,254
S4626,463
S3104,22
S4832,364
S2764,62
S4485,8
S1233,255
S3668,458
S3373,332
S1615,128
S597,487
S4457,449
S3295,77
S4563,268
S1391,488
S2752,289
S2052,38
S4091,122
S886,328
S3816,489
S1845,493
S2597,485
S3313,494
S786,187
S4218,271
S1453,339
S4595,160
S836,449
S3099,275
S4139,359
S1388,330
S2797,413
S835,458
S1474,342
S1481,275
S2647,327
S4663,108
S4000,183
S4289,255
S4503,416
S2742,354
S4967,437
S790,461
S3019,102
S4894,23
S1191,449
S4468,129
S980,407
S3203,387
S1684,414
S4977,309
S2278,153
S4800,75
S1918,166
S413,225
S4106,4
S845,348
S1685,323
S2088,242
S2773,482
S4222,424
S3003,167
S1119,170
S2461,407
S450,437
S4511,20
S210,345
S334,56
S3811,247
S4502,24
S4471,33
S823,142
S3946,260
S601,221
S2252,92
S4438,162
S3518,404
S1441,276
S3143,126
S4383,236
S4994,25
S1238,375
S1392,171
S4107,12
S1556,55
S4932,118
S109,305
S2844,4
S672,184
S4709,464
S2476,97
S485,418
S408,249
S578,253
S1936,194
S3113,497
S3920,323
S3824,486
S516,249
S4521,434
S4610,212
S3622,498
S2754,122
S4394,227
S2997,218
S2969,48
S2013,221
S3538,438
S1921,387
S4064,454
S4621,397
S4474,326
S3035,298
S1268,463
S1971,427
S849,460
S2138,212
S2947,14
S4765,33
S1381,226
S1773,209
S432,198
S2163,319
S4717,475
S2423,9
S1778,390
S2532,51
S3915,240
S1961,414
S1259,244
S3898,431
S49,435
S3752,231
S3075,54
S4320,414
S4312,427
S1646,350
S1796,484
S1010,364
S3016,72
S388,81
S554,353
S2792,85
S1968,372
S1388,124
S2996,419
S4253,186
S312,392
S3019,354
S2044,5
S3257,91
S2971,109
S4215,225
S980,124
S1220,62
S4946,368
S3502,30
S3157,100
S4819,381
S736,263
S2584,471
S3895,3
S3399,400
S3043,204
S63,7
S2637,496
S32,210
S3822,134
S1574,395
S2502,287
S1528,171
S876,326
S2977,396
S1368,397
S1793,179
S4040,118
S2224,272
S1317,294
S4874,331
S3310,390
S4755,15
S3374,210
S3454,452
S749,197
S3631,199
S2172,373
S2059,40
S1774,235
S2420,37
S2156,258
S1077,357
S4440,249
S1170,284
S1599,83
S4306,292
S3106,233
S260,86
S476,469
S4823,425
S365,495
S4233,353
S1398,124
S1854,83
S230,202
S282,407
S4367,35
S3376,388
S2774,472
S2837,114
S564,74
S1999,224
S1671,7
S4031,373
S4362,298
S3908,225
S3061,440
S3669,47
S589,382
S572,195
S3050,279
S3405,436
S3171,269
S1915,484
S4287,283
S4546,331
S4465,299
S1888,12
S1057,495
S1300,96
S1520,331
S2798,46
S2232,36
S3914,264
S1644,268
S4995,341
S4650,225
S3752,377
S415,43
S4882,416
S2028,95
S2893,366
S2026,345
S3814,340
S199,231
S19,469
S2080,260
S542,311
S1031,479
S4635,257
S4115,476
S3390,413
S1893,469
S1653,7
S3858,421
S1982,404
S1089,386
S43,143
S1786,244
S4342,323
S146,269
S1892,317
S3754,488
S1158,255
S2233,407
S1161,302
S2182,251
S1180,240
S1132,282
S160,185
S3553,359
S167,477
S2721,434
S4595,368
S2503,8
S2776,250
S4156,308
S1664,68
S2870,79
S795,148
S1652,23
S4449,8
S2286,248
S4531,285
S495,323
S1310,332
S325,451
S4258,125
S3430,422
S1862,481
S4972,162
S1038,125
S3062,231
S831,223
S637,324
S1664,414
S4597,31
S2300,365
S491,5
S3238,455
S2312,469
S2658,282
S108,220
S4454,173
S1252,474
S3760,422
S4390,98
S1282,315
S959,252
S4746,97
S1292,206
S2338,322
S1729,168
S3990,390
S1386,326
S4321,496
S4106,454
S122,4
S342,147
S4544,203
S1902,180
S1963,467
S4263,20
S2710,300
S101,2
S1602,129
S3018,413
S1357,335
S4118,92
S2675,166
S1693,346
S2922,277
S1998,117
S4591,3
S3792,315
S4437,20
S4333,484
S1644,460
S3313,315
S416,183
S1081,228
S1034,220
S586,196
S566,303
S4329,219
S3255,444
S893,411
S1805,175
S4108,390
S3384,341
S4922,266
S2753,452
S507,369
S4087,80
S1799,143
S14,333
S4748,419
S3699,251
S4356,297
S1006,393
S3235,81
S1888,145
S1131,457
S4381,344
S179,229
S2622,384
S922,164
S736,172
S2652,105
S4690,294
S132,235
S3393,487
S2248,83
S3660,201
S1213,315
S3100,464
S1127,177
S8,269
S2152,189
S1151,290
S4778,36
S588,274
S3543,431
S1628,356
S4409,301
S4257,253
S900,396
S3117,487
S2960,486
S1060,264
S4860,462
S4982,123
S1496,149
S1699,500
S2416,116
S2630,385
S566,453
S3057,493
S1737,472
S179,358
S2270,377
S841,48
S1043,440
S3574,116
S2352,397
S3464,163
S1252,13
S4081,263
S1802,7
S2080,352
S3236,339
S4346,128
S965,206
S3964,248
S4448,437
S4620,192
S216,381
S315,64
S267,36
S2993,31
S3454,330
S3871,107
S3809,347
S4738,157
S3054,91
S3823,427
S4993,197
S2564,477
S1797,187
S3561,295
S723,104
S2865,202
S3010,351
S420,285
S1415,227
S505,479
S1847,281
S2271,259
S3132,439
S3183,230
S900,73
S4252,302
S1094,330
S625,229
S3903,160
S4335,41
S4169,404
S1111,486
S724,252
S3144,356
S2891,143
S3524,292
S2705,134
S1779,218
S1333,259
S3143,334
S3067,146
S3485,345
S1908,108
S2682,382
S2587,425
S4236,59
S4848,213
S3585,229
S3783,500
S2898,462
S2949,134
S421,441
S3337,179
S3810,77
S1632,230
S307,121
S2178,107
S312,236
S2529,190
S2437,6
S515,418
S3657,70
S3371,479
S3843,327
S1345,43
S2851,34
S203,115
S2286,489
S1037,144
S1944,324
S4878,445
S2846,40
S2787,235
S3046,146
S4798,39
S849,165
S224,490
S615,16
S754,205
S1081,262
S514,338
S667,103
S1153,443
S4664,463
S1518,142
S3290,305
S2878,78
S3172,234
S2392,210
S1195,34
S3550,197
S1391,415
S2990,421
S4108,323
S4805,175
S4372,180
S4005,278
S2049,315
S1359,93
S3220,40
S4203,448
S4058,84
S2371,124
S2349,9
S2921,385
S3491,186
S4065,436
S152,277
S1743,436
S547,303
S2263,264
S1984,67
S1903,122
S2718,190
S1509,317
S1706,344
S1434,430
S393,488
S3889,181
S1856,276
S1581,452
S3019,489
S543,245
S956,446
S1627,416
S3819,32
S2535,392
S3400,240
S3981,212
S3034,80
S2100,127
S3729,314
S4859,375
S994,198
S4722,153
S4032,67
S1060,293
S4320,237
S2288,353
S4766,245
S690,340
S4268,234
S1034,400
S182,73
S1001,82
S320,230
S4983,430
S297,103
S1080,76
S3806,468
S2092,417
S4508,61
S4238,166
S1054,424
S2248,386
S2941,377
S3905,206
S4051,204
S1960,463
S4579,256
S34,257
S198,489
S4301,282
S3118,204
S1497,124
S1683,158
S1629,362
S3850,188
S1428,387
S482,109
S1443,182
S619,215
S1918,447
S3797,189
S4974,474
S649,75
S4694,273
S3932,472
S1995,340
S3522,407
S2695,448
S263,221
S4824,427
S2113,285
S1578,351
S2184,180
S328,389
S1748,265
S2506,364
S4099,117
S3147,210
S3364,59
S1909,427
S4113,376
S4394,204
S2544,433
S3957,102
S175,184
S2284,315
S588,289
S4712,363
S3986,299
S1779,349
S802,245
S166,260
S1457,255
S3222,253
S1985,141
S1541,487
S713,132
S4672,359
S450,228
S4019,275
S378,169
S633,446
S2860,109
S3915,115
S4385,118
S120,138
S1098,421
S1214,492
S3632,57
S4614,327
S1478,28
S4825,150
S4861,57
S792,261
S1027,247
S639,297
S1176,166
S2776,201
S2842,140
S2376,313
S1051,251
S4194,214
S1243,359
S1091,441
S612,157
S3868,201
S1851,318
S108,296
S2322,434
S177,299
S1630,283
S1762,441
S1552,223
S4913,350
S3404,207
S3485,322
S4826,478
S1096,433
S2083,214
S2722,51
S1857,193
S1801,202
S851,275
S3210,19
S3452,102
S650,35
S56,258
S4094,322
S2030,187
S2354,341
S3475,293
S2386,315
S1982,269
S773,35
S3048,408
S4645,24
S4927,284
S1081,401
S2615,351
S2890,154
S1128,168
S359,292
S3021,469
S122,500
S2229,131
S1148,299
S2868,408
S855,63
S490,88
S4092,489
S2836,375
S2557,341
S4969,234
S4456,154
S315,15
S4663,344
S494,466
S87,192
S4735,19
S3754,176
S3456,354
S4466,451
S3549,291
S1906,145
S4515,206
S2545,193
S1606,412
S1733,186
S1833,240
S3996,465
S2873,383
S4235,296
S4246,181
S2184,174
S2133,407
S633,71
S3829,42
S3581,92
S3668,420
S28,97
S119,2
S630,88
S2559,10
S138,345
S3972,403
S1062,371
S3481,106
S1296,256
S907,308
S4374,58
S3300,465
S2439,44
S1165,218
S528,409
S3877,16
S4338,122
S2233,49
S652,312
S1317,278
S3199,267
S3284,180
S3036,468
S3869,275
S3554,180
S3902,327
S2245,454
S545,27
S3041,306
S11,282
S771,329
S981,346
S643,372
S4999,178
S1457,304
S2430,290
S2105,67
S3120,458
S2722,60
S1414,261
S2601,194
S3257,88
S3416,100
S3608,129
S4090,215
S3030,340
S4671,146
S725,221
S4130,493
S3917,324
S1050,440
S2570,287
S4135,60
S2037,249
S1273,272
S2291,310
S539,406
S892,474
S3456,217
S1947,295
S2986,98
S1507,177
S2359,380
S1890,65
S1522,495
S3361,280
S4665,279
S1506,172
S4259,331
S1490,95
S4134,240
S4792,389
S3894,88
S4784,344
S4236,435
S1392,262
S1796,439
S3589,315
S3209,244
S2686,251
S3720,71
S4876,30
S4848,1
S400,279
S2076,346
S2010,171
S1074,489
S4104,271
S1351,374
S1810,439
S2049,446
S3103,173
S4766,158
S878,252
S1998,262
S1151,97
S1289,430
S4502,480
S3679,321
S4799,423
S3417,346
S2018,292
S4095,310
S3624,497
S4803,239
S7,8
S1872,496
S3275,24
S365,360
S639,211
S4434,200
S239,93
S4109,25
S4705,166
S1627,5
S2752,214
S2075,364
S2632,36
S1231,472
S339,410
S796,462
S3558,489
S773,301
S2541,306
S1832,404
S2828,30
S2114,47
S2593,105
S4177,437
S3982,287
S3221,274
S420,379
S3020,55
S2319,305
S2373,395
S4266,242
S1766,169
S2622,56
S1289,166
S1703,10
S3772,348
S2151,364
S2649,472
S444,392
S1046,206
S4997,339
S2849,141
S3710,209
S2004,110
S4421,98
S4747,168
S3023,15
S346,25
S3852,270
S1640,140
S1439,77
S1712,460
S4340,376
S830,301
S53,255
S892,156
S3370,420
S1969,195
S1905,364
S2563,397
S4460,95
S3833,33
S4446,177
S902,148
S949,70
S2059,234
S3565,468
S3891,278
S1102,361
S2723,350
S2152,111
S4004,102
S1678,69
S1629,91
S2234,186
S1049,24
S2518,133
S1385,111
S1139,334
S3422,315
S4188,497
S4859,346
S2608,276
S4882,395
S3050,183
S567,258
S2562,405
S3574,284
S1253,239
S2564,329
S2383,399
S2638,440
S2794,311
S3731,279
S2035,211
S4373,3
S1622,444
S3359,322
S4435,138
S3545,164
S310,117
S1429,358
S4764,191
S972,356
S3083,124
S1323,200
S3788,220
S497,180
S36,127
S2098,12
S4567,157
S1412,435
S562,162
S4167,149
S664,10
S3858,123
S679,273
S3397,407
S1649,401
S880,283
S258,491
S1538,96
S3213,206
S4875,91
S1868,347
S1724,335
S4599,135
S2456,149
S2335,32
S3581,176
S485,229
S3931,7
S1387,160
S3374,214
S3000,247
S4330,190
S1513,393
S2328,316
S308,357
S4336,381
S3549,179
S1382,33
S1239,499
S2232,162
S3492,309
S962,184
S4551,150
S3676,239
S752,116
S2382,481
S624,289
S859,371
S3059,57
S2038,245
S4632,419
S1861,384
S776,178
S4734,102
S3748,24
S1938,168
S758,330
S2087,395
S405,2
S906,131
S1411,169
S866,349
S4211,390
S3359,397
S3025,124
S720,162
S804,78
S2314,236
S3275,192
S539,12
S934,459
S4244,271
S2545,121
S949,376
S1003,120
S1121,245
S3252,292
S178,325
S1386,150
S4926,374
S3717,66
S1386,123
S2243,186
S798,291
S3528,132
S1080,382
S4371,353
S2518,37
S3427,468
S3572,368
S865,430
S3067,32
S25,339
S4086,159
S2355,192
S2168,102
S4616,235
S4516,245
S3138,71
S3735,403
S4791,240
S4063,8
S4997,338
S481,396
S3316,227
S3655,100
S4000,8
S1058,224
S2954,253
S694,437
S2074,236
S98,417
S1115,401
S2,496
S2263,374
S688,242
S1717,406
S691,463
S817,206
S2804,113
S893,186
S1609,409
S1136,281
S4267,15
S1277,488
S2771,274
S3087,157
S1634,311
S784,417
S2364,335
S2309,5
S2916,209
S3209,457
S1381,263
S4609,63
S3328,445
S2548,163
S4347,386
S3497,385
S1563,42
S4475,410
S4965,323
S345,57
S2721,167
S1717,179
S3488,450
S2187,139
S4168,217
S969,113
S3435,491
S271,307
S3240,382
S4959,38
S4648,32
S962,339
S1098,339
S2531,409
S590,362
S2700,92
S1514,76
S2584,113
S1719,55
S4361,278
S1827,327
S4146,459
S4792,452
S1181,492
S3017,27
S522,472
S4764,290
S4772,22
S232,492
S2801,211
S2074,181
S997,328
S1186,275
S4201,293
S2515,135
S4555,216
S1676,481
S2192,145
S373,166
S4090,155
S4646,281
S2542,64
S1939,152
S3203,322
S445,418
S1662,374
S3628,323
S198,66
S4926,352
S3229,32
S2706,499
S1548,306
S538,484
S4773,287
S4633,11
S1363,175
S3465,95
S4648,282
S2070,296
S1852,217
S99,188
S1502,23
S1219,48
S1352,466
S2377,331
S1902,456
S2682,7
S998,90
S2681,207
S3419,9
S4549,182
S4412,379
S788,71
S3906,336
S1043,476
S270,178
S3706,222
S3143,374
S4123,66
S1483,291
S427,226
S2962,257
S1973,281
S3817,61
S2027,273
S608,269
S1870,233
S4577,222
S4729,165
S2455,18
S213,390
S652,232
S4193,63
S1399,160
S256,436
S196,122
S4351,281
S3637,110
S3353,258
S422,316
S2637,394
S4410,262
S3662,403
S68,95
S170,102
S1923,125
S3151,48
S3598,68
S81,299
S3410,352
S426,313
S4330,122
S3551,17
S1827,385
S3619,296
S3602,202
S3453,296
S1691,252
S2157,447
S3080,321
S4178,328
S4094,288
S2812,80
S309,154
S4637,217
S3974,19
S637,297
S2001,497
S27,263
S3822,75
S120,202
S3836,133
S2384,474
S570,414
S2133,130
S675,237
S411,39
S375,418
S2762,248
S4251,295
S1161,116
S3347,135
S1421,159
S1181,86
S76,317
S1505,43
S2404,268
S1218,184
S1728,362
S4173,280
S4021,444
S2062,266
S2562,97
S4475,97
S1358,438
S4266,280
S4692,367
S280,155
S2671,204
S4228,329
S4871,127
S4553,218
S4422,362
S4919,452
S3102,161
S1268,86
S3612,497
S1728,296
S687,348
S3889,419
S4676,28
S3843,131
S3841,406
S1234,124
S3702,368
S2245,137
S1916,439
S210,368
S2653,186
S2182,386
S2332,133
S4716,92
S4122,220
S3043,26
S843,226
S44,389
S1433,405
S3061,16
S4979,20
S4042,76
S2377,132
S2874,71
S3653,60
S1591,444
S3863,111
S152,39
S1765,185
S2470,478
S2133,118
S3034,254
S4819,30
S4145,306
S1816,278
S4813,423
S545,207
S1255,455
S2240,118
S3126,466
S3736,409
S4031,454
S298,74
S1818,234
S4608,5
S2927,331
S1703,443
S1348,169
S2229,94
S372,243
S2499,133
S199,492
S1921,404
S1750,207
S198,495
S1566,125
S2244,129
S4252,196
S1769,244
S1360,478
S4263,126
S1583,161
S1892,161
S2648,418
S4528,391
S1428,215
S2269,420
S2501,76
S87,86
S4059,134
S300,483
S1199,127
S1580,52
S2304,79
S4602,79
S4815,138
S166,229
S2155,385
S1329,404
S4685,56
S63,455
S4873,485
S1288,207
S4504,310
S186,290
S4409,405
S3770,94
S1073,463
S1519,478
S4890,415
S3110,155
S1577,131
S3979,141
S3777,360
S1405,187
S3012,366
S3679,300
S2023,304
S1144,92
S4039,55
S1242,142
S2502,429
S2052,442
S1868,414
S166,176
S293,481
S417,415
S9,185
S1681,43
S3493,108
S2704,287
S697,428
S2145,322
S4302,330
S3415,482
S3677,170
S3986,180
S3004,488
S4970,260
S2964,47
S1852,20
S1700,162
S1126,311
S2477,106
S1270,152
S1060,87
S1085,356
S4605,101
S3448,63
S2941,172
S2266,306
S4021,56
S237,423
S2981,195
S2641,182
S3771,481
S4103,408
S3894,189
S1153,100
S2918,276
S1636,486
S1236,271
S4648,252
S75,381
S933,207
S1506,83
S2145,207
S3313,155
S3411,257
S2460,149
S1295,20
S3496,214
S649,419
S1193,301
S4278,1
S2837,195
S702,107
S2891,320
S4405,48
S1806,85
S4428,150
S2460,474
S1251,149
S2591,58
S933,89
S2892,165
S1354,114
S1579,145
S4170,290
S2867,452
S4176,9
S1815,478
S2431,39
S3944,125
S4996,380
S3197,145
S3266,233
S1353,371
S1378,297
S879,71
S1415,321
S1643,8
S2039,231
S3272,351
S1890,70
S3514,165
S3907,286
S3637,28
S2390,178
S3530,130
S2172,400
S3643,207
S584,482
S2962,407
S1237,103
S1610,226
S4503,489
S3222,473
S2178,2
S3471,17
S2913,377
S4766,176
S192,146
S298,212
S2045,388
S632,146
S4049,291
S2495,169
S2241,196
S3244,158
S3850,15
S3570,353
S3315,271
S4560,113
S1080,204
S3376,410
S667,433
S3593,20
S2622,348
S3443,171
S4309,466
S1386,449
S1588,222
S4552,143
S4740,49
S3801,424
S1695,204
S4508,64
S384,122
S2303,460
S1151,144
S397,484
S4928,316
S75,234
S3563,51
S4238,79
S104,184
S1991,445
S4752,416
S2984,79
S609,414
S1088,135
S1151,165
S4802,293
S1484,429
S65,65
S2283,435
S542,248
S1289,133
S938,400
S2711,79
S510,474
S3727,299
S1599,478
S147,437
S4924,322
S337,94
S82,235
S314,206
S3906,158
S1208,87
S1358,323
S4570,138
S1030,75
S2585,44
S2924,375
S2821,325
S2630,316
S2864,387
S3579,334
S4363,200
S1508,264
S1044,261
S1382,73
S1009,75
S3696,177
S3911,116
S3971,428
S625,71
S2614,139
S3776,170
S4701,277
S4350,88
S4120,177
S2243,260
S4620,364
S4444,383
S3619,478
S2976,189
S835,27
S4916,435
S4378,432
S3174,41
S4948,210
S686,384
S1869,461
S526,155
S549,408
S1012,204
S4353,13
S3458,138
S3367,305
S1612,50
S1444,14
S465,168
S3300,82
S2739,210
S797,68
S1813,458
S901,310
S2128,469
S905,205
S2873,295
S1049,369
S3569,427
S3717,7
S3682,395
S2257,381
S418,66
S2332,485
S1857,125
S2532,377
S2409,202
S1084,65
S1890,411
S1411,155
S753,430
S259,238
S119,215
S966,260
S654,13
S1561,148
S4810,276
S1199,452
S750,146
S3753,243
S2051,311
S3106,277
S1655,122
S2759,133
S509,184
S587,464
S4676,217
S3217,298
S664,418
S1338,58
S457,110
S3571,330
S1009,310
S2238,69
S2261,421
S1762,173
S3903,215
S4319,285
S594,177
S2347,215
S3532,163
S2093,415
S2328,235
S3252,40
S866,457
S814,189
S2274,480
S4230,87
S2500,43
S464,321
S3508,25
S271,353
S2247,200
S3653,23
S2037,437
S2388,54
S4,142
S4755,22
S2788,58
S418,243
S3832,335
S1568,278
S1662,352
S3580,365
S1856,202
S1526,362
S4675,183
S3525,145
S3349,40
S2428,201
S2292,274
S3045,223
S2091,169
S2375,284
S146,2
S1442,92
S4091,346
S2105,288
S3858,41
S2008,315
S738,93
S3971,296
S2840,393
S4493,500
S1123,226
S2159,12
S2830,447
S748,214
S4852,123
S3051,451
S409,376
S1512,400
S1833,272
S55,377
S4842,305
S3270,158
S969,441
S3010,361
S132,391
S1362,438
S2959,186
S1222,75
S1573,334
S1955,223
S4076,387
S4516,261
S3342,66
S2188,262
S3578,231
S3183,21
S3935,371
S3149,421
S2414,480
S1399,261
S2313,6
S3064,454
S2362,107
S4134,105
S1489,477
S4147,7
S4574,328
S3417,467
S1885,211
S3716,499
S518,296
S2660,278
S576,224
S442,253
S4378,282
S3922,453
S1834,145
S78,370
S317,236
S148,51
S1239,218
S666,228
S3399,368
S3082,25
S4838,15
S3435,19
S2250,324
S2326,345
S2723,109
S2776,188
S1077,402
S1267,134
S7,42
S912,495
S2040,429
S3318,471
S4468,222
S2229,69
S405,296
S4125,218
S98,457
S4241,191
S4800,182
S4401,39
S2389,313
S2000,421
S3190,43
S548,309
S3220,225
S144,19
S2809,239
S4427,336
S2104,483
S4743,264
S2232,334
S507,278
S977,41
S2022,1
S2220,126
S3823,381
S4092,401
S4640,347
S3050,405
S4239,358
S161,3
S3824,309
S2954,127
S2803,147
S3917,289
S122,443
S4829,251
S3645,268
S1025,115
S3425,90
S61,399
S4604,114
S389,17
S3217,169
S1808,85
S4352,486
S2480,331
S1833,459
S186,191
S3464,257
S2357,231
S2755,419
S815,390
S1172,111
S1025,26
S2893,364
S191,350
S4183,437
S4783,229
S1843,479
S1176,240
S4073,37
S4818,370
S3606,87
S4816,157
S2439,390
S2425,212
S3707,24
S304,345
S3095,171
S4576,269
S4413,408
S1348,12
S3487,200
S1933,52
S1392,450
S4901,255
S877,77
S4527,292
S3953,206
S4918,344
S318,158
S665,352
S2188,461
S3792,436
S519,356
S235,292
S2537,22
S1051,336
S2791,57
S1553,42
S2941,203
S3289,276
S159,402
S2485,168
S337,290
S589,276
S346,24
S3133,126
S1279,265
S1707,33
S3675,137
S2523,479
S2153,10
S3722,298
S1325,128
S3695,500
S4060,61
S2468,342
S1805,281
S4684,7
S1612,363
S3078,337
S1262,293
S2929,313
S1432,73
S299,109
S1076,466
S2288,179
S2998,396
S1991,448
S244,210
S2856,490
S4226,96
S332,41
S2357,174
S4943,225
S4192,257
S1558,346
S2679,245
S2809,391
S3623,357
S2562,122
S4529,364
S3223,232
S2002,345
S4450,378
S4529,341
S768,312
S1771,467
S1634,130
S3608,97
S901,144
S2625,444
S1435,201
S68,412
S3701,323
S2342,348
S3356,73
S159,480
S4646,317
S2968,437
S4129,151
S4231,443
S2397,63
S1513,434
S876,274
S1666,400
S4029,223
S2270,428
S1235,379
S3121,377
S3793,98
S2044,174
S883,8
S4285,296
S1307,40
S4496,281
S130,295
S4180,64
S2434,422
S2638,328
S2124,218
S1713,286
S1304,483
S2755,277
S16,170
S2303,159
S3990,26
S985,329
S4853,229
S3881,431
S1344,365
S1021,216
S2020,83
S1634,464
S315,350
S281,403
S3225,313
S4666,252
S137,475
S1309,1
S734,447
S1229,238
S4285,445
S4244,111
S2479,257
S780,39
S3186,453
S2664,91
S1735,310
S3069,14
S2362,341
S442,10
S3525,493
S4494,278
S4229,26
S1966,81
S2884,203
S4809,339
S2553,296
S2926,333
S2595,242
S4394,90
S3045,303
S1524,152
S2584,291
S2224,194
S3468,385
S3315,318
S1798,191
S1324,265
S4263,376
S3436,172
S3406,216
S4726,425
S4003,482
S2570,125
S2864,192
S939,244
S4012,130
S3257,193
S4907,464
S428,434
S4660,228
S4820,470
S2160,494
S3324,225
S1107,471
S1186,401
S1647,385
S2755,209
S3851,311
S2856,67
S915,16
S2233,260
S644,320
S4270,125
S1346,252
S2922,15
S3860,429
S3299,392
S4059,277
S3827,375
S3228,309
S752,53
S4284,222
S3604,122
S608,24
S155,89
S4571,103
S3835,104
S3898,235
S1747,100
S1160,284
S3786,128
S4564,160
S1655,91
S4893,25
S3650,261
S2696,480
S3585,31
S1983,413
S1015,14
S3597,4
S1534,499
S4704,226
S2731,438
S1731,401
S1362,108
S163,178
S4770,433
S2491,432
S4536,131
S3135,411
S4689,441
S3517,490
S3,178
S1610,446
S1296,372
S1139,79
S3359,490
S1548,14
S2303,6
S1966,186
S664,463
S3705,101
S2957,195
S4701,436
S2743,416
S173,252
S1984,215
S3150,367
S4741,8
S141,76
S4033,197
S4261,381
S2055,194
S231,24
S1184,183
S4603,365
S3621,288
S15,7
S1184,485
S4964,40
S585,213
S759,339
S3307,267
S833,345
S1541,412
S1606,56
S4926,301
S4285,147
S2265,53
S2087,372
S92,209
S4450,343
S4041,358
S894,389
S4379,279
S2723,466
S1841,152
S1266,186
S2536,126
S405,332
S760,473
S4451,255
S1289,269
S3091,164
S4967,265
S3861,121
S4626,467
S3632,210
S1781,162
S1096,157
S3114,108
S1110,387
S2519,150
S414,281
S3709,243
S4879,298
S3030,113
S3397,464
S413,375
S2307,170
S214,176
S2465,318
S1708,219
S154,170
S2471,37
S2117,153
S3146,105
S4295,194
S765,49
S3764,490
S1819,190
S1236,168
S3315,64
S511,454
S3704,476
S716,302
S4076,235
S2700,300
S3884,138
S2538,297
S2205,20
S4259,312
S557,223
S4350,188
S420,118
S2781,171
S4057,9
S2595,35
S2851,413
S2128,312
S3650,65
S4049,493
S2990,67
S2176,173
S382,77
S2155,451
S4092,428
S3397,488
S4614,119
S1864,103
S173,311
S4599,456
S475,320
S2746,241
S4029,236
S4112,227
S1762,284
S2804,282
S291,68
S1882,380
S1920,378
S2281,186
S3411,43
S2569,257
S1030,315
S2631,284
S1376,134
S4962,267
S4783,249
S3002,223
S4251,39
S3873,55
S29,286
S386,29
S4075,459
S599,198
S4633,168
S350,14
S1738,197
S3525,390
S2110,375
S953,209
S2152,107
S124,478
S2312,447
S91,500
S3703,111
S443,271
S2139,308
S3019,487
S4730,150
S909,45
S251,240
S3266,228
S272,303
S1044,210
S2883,75
S1454,181
S2823,119
S2333,102
S2253,189
S1269,19
S1264,371
S2881,410
S3784,341
S2645,239
S2261,122
S2958,211
S1972,44
S2145,26
S4667,473
S525,55
S4508,447
S3424,86
S3816,432
S2899,151
S1101,94
S1836,206
S1255,210
S3380,227
S4772,270
S4186,474
S4367,323
S681,397
S4875,4
S4695,219
S2432,356
S4218,233
S1244,105
S2580,285
S976,19
S3784,372
S3089,214
S63,204
S4937,47
S134,131
S3087,260
S707,258
S2710,123
S2469,29
S1683,144
S2861,143
S1998,9
S3728,268
S3783,181
S941,269
S2747,365
S309,275
S2613,30
S1162,391
S216,221
S3998,86
S3516,175
S117,186
S4160,331
S941,383
S1841,209
S4899,355
S2891,491
S3377,482
S3216,394
S4720,479
S3342,218
S3320,273
S4245,458
S1928,45
S4547,183
S1740,322
S446,311
S3633,317
S1357,119
S559,44
S1286,359
S4220,24
S1353,84
S2191,325
S4839,373
S4228,200
S1852,368
S4965,388
S4657,495
S767,12
S2159,329
S669,304
S1062,494
S650,19
S237,112
S1405,69
S2297,465
S1361,142
S3822,255
S3696,26
S1453,245
S1793,300
S1924,309
S407,290
S1019,226
S2230,435
S2212,45
S1800,150
S3640,165
S1436,279
S124,76
S1709,339
S2423,302
S557,145
S2065,91
S3453,381
S2326,306
S4878,11
S2218,82
S3672,111
S3473,135
S2720,82
S2181,176
S118,206
S4406,270
S4018,105
S1672,224
S2443,430
S847,151
S2413,201
S20,257
S3720,99
S4401,24
S3543,73
S3522,495
S3826,152
S4747,170
S41,262
S1783,195
S4452,258
S4223,178
S4044,348
S2935,55
S571,145
S4011,238
S1839,128
S1004,163
S2142,482
S1929,382
S1025,477
S2517,369
S1446,302
S1454,441
S2629,477
S1026,80
S4114,375
S3293,291
S2453,162
S1447,192
S2399,26
S4294,381
S346,145
S1033,139
S4790,286
S332,311
S382,214
S1958,384
S2479,375
S858,87
S2401,498
S463,89
S3937,187
S4328,249
S2962,367
S2882,360
S823,325
S4590,131
S2474,376
S3672,207
S2692,364
S3912,319
S1110,54
S3341,278
S3988,340
S996,234
S4470,258
S4202,443
S4221,313
S4794,371
S598,274
S4316,68
S3033,491
S2314,233
S759,101
S918,124
S4511,148
S2780,298
S3750,397
S4835,310
S201,67
S2228,54
S4141,302
S655,218
S2689,277
S1125,416
S1705,249
S2106,209
S1564,182
S3903,123
S1676,315
S2981,276
S4502,317
S3180,189
S3534,59
S1449,209
S854,228
S713,455
S1541,119
S4476,171
S1267,389
S1699,132
S4013,20
S2362,357
S1790,49
S4294,301
S4101,101
S3691,159
S678,152
S167,170
S3113,121
S4323,330
S1502,203
S3236,249
S547,338
S2206,66
S4140,276
S1673,348
S24,363
S1996,66
S711,350
S4536,84
S665,320
S1245,302
S3397,263
S496,269
S560,336
S918,121
S4906,293
S1837,478
S239,176
S4028,50
S1741,19
S438,208
S2800,106
S2817,222
S2881,332
S3470,201
S4143,488
S2069,30
S117,153
S3156,147
S2371,97
S2249,333
S2998,150
S4580,387
S3590,286
S158,278
S4007,350
S4271,116
S1516,198
S3882,223
S3842,412
S4505,66
S1206,116
S3089,147
S3966,321
S3163,292
S1631,70
S1411,209
S3137,231
S4592,492
S4339,122
S1017,453
S1206,190
S928,128
S701,459
S555,190
S720,223
S1660,474
S1114,390
S1836,158
S922,212
S3231,343
S1049,128
S2191,393
S2268,257
S972,39
S1407,390
S3336,212
S1415,469
S1118,265
S529,407
S1994,281
S2250,175
S444,100
S104,57
S3466,311
S4345,306
S577,119
S4059,141
S4229,326
S2818,315
S1180,496
S2448,486
S931,161
S2962,274
S88,308
S2503,378
S403,353
S3049,199
S1425,301
S329,39
S1773,421
S3306,267
S3806,160
S2209,51
S2602,255
S2813,386
S1750,96
S1955,480
S2663,275
S782,276
S1231,336
S4571,301
S2416,453
S1312,471
S298,464
S4009,236
S1794,11
S4228,416
S199,61
S125,177
S2740,429
S2452,348
S507,284
S2086,335
S4882,420
S4222,167
S3563,238
S3563,500
S2963,399
S3903,293
S3131,59
S528,178
S3229,466
S4193,162
S1690,18
S2606,388
S2109,86
S2177,181
S1149,136
S2430,451
S4871,133
S3799,129
S2009,443
S2673,50
S2825,451
S712,405
S3446,439
S3089,483
S4108,232
S2076,247
S2145,494
S4884,430
S2863,381
S4437,370
S4438,243
S4210,476
S4150,408
S3725,331
S1942,188
S2307,426
S803,431
S1801,32
S2236,272
S4250,61
S802,267
S674,300
S3303,233
S4899,223
S4961,486
S2837,57
S1227,423
S2244,241
S3626,331
S860,444
S1583,162
S4133,84
S971,15
S785,391
S2226,105
S2973,169
S1944,460
S1056,78
S3749,50
S3039,434
S2495,420
S4811,40
S680,305
S1093,303
S2501,100
S703,205
S3008,217
S1002,323
S2251,9
S826,407
S353,432
S8,372
S4121,158
S2299,69
S2259,184
S793,437
S3741,432
S3046,440
S2153,260
S1139,102
S2714,474
S3612,148
S255,273
S3547,499
S626,184
S885,337
S2474,6
S4153,82
S658,79
S4215,68
S2397,251
S1965,9
S3025,244
S2095,445
S1030,358
S1241,205
S282,164
S4444,399
S2,87
S3672,153
S367,215
S2519,179
S3413,361
S4796,182
S4849,31
S2997,31
S3637,391
S2682,240
S1886,496
S1725,16
S4780,270
S3855,232
S3048,406
S4385,99
S4130,285
S2152,222
S941,165
S804,393
S3117,335
S1579,282
S766,180
S3597,48
S3675,134
S1085,201
S1716,124
S1063,499
S2093,433
S4047,285
S3444,24
S233,386
S1820,70
S2642,135
S1596,251
S3576,189
S300,203
S1644,120
S4752,385
S4747,201
S3749,259
S945,270
S1734,454
S1368,257
S4822,119
S113,22
S921,198
S84,362
S3885,167
S64,21
S1706,364
S9,179
S4455,289
S4287,290
S1162,66
S2537,249
S683,85
S2230,115
S649,253
S3019,204
S2159,301
S2400,306
S1343,18
S4973,418
S4007,428
S4467,113
S259,346
S2820,151
S2705,62
S2961,81
S4455,490
S1532,445
S4394,345
S352,249
S752,461
S574,39
S3305,396
S3579,114
S732,455
S1118,444
S4850,110
S3469,390
S4756,353
S4729,364
S2174,437
S2011,339
S2146,341
S1935,229
S4905,52
S3138,104
S3891,395
S2000,474
S4907,268
S2314,488
S3050,157
S4186,99
S3142,364
S3263,270
S1887,252
S2684,175
S2358,411
S2516,199
S3558,476
S1428,459
S3859,199
S1566,422
S2368,27
S4689,490
S1426,93
S3082,247
S4984,6
S4328,427
S4908,244
S2014,34
S4083,457
S2892,36
S1953,386
S4136,100
S871,257
S42,318
S3105,185
S2494,376
S2220,362
S1687,380
S1784,133
S3234,19
S1153,457
S1789,359
S3701,103
S2520,191
S2036,394
S4237,277
S3293,327
S2773,278
S3518,421
S2355,494
S4287,302
S3172,173
S1330,305
S4653,228
S3019,189
S1006,93
S4352,265
S1562,186
S617,144
S1934,211
S1132,92
S2633,316
S4998,22
S3577,159
S4464,450
S969,290
S1511,441
S383,313
S2091,465
S2539,328
S2313,260
S1991,234
S4520,401
S12,304
S1837,292
S6,435
S2891,7
S4206,181
S3694,401
S4207,455
S1774,357
S2044,320
S4448,165
S203,390
S1606,244
S3250,150
S592,227
S4297,185
S1443,166
S1896,86
S246,171
S772,207
S4960,73
S1034,487
S2275,4
S3970,460
S745,358
S3003,212
S1977,154
S941,434
S3822,467
S4795,138
S4514,31
S2418,30
S1236,311
S502,34
S3648,383
S2762,347
S2289,281
S2985,444
S260,372
S4825,486
S2419,347
S3269,457
S656,128
S4182,332
S236,487
S2809,104
S2044,114
S4334,58
S996,245
S353,203
S3868,300
S2096,186
S269,164
S4951,265
S2865,427
S4800,264
S2860,472
S4465,341
S4579,75
S4062,360
S490,331
S2086,115
S1164,222
S4002,101
S4442,107
S3531,338
S1854,210
S1114,153
S3950,31
S3610,138
S1217,178
S3551,115
S2814,256
S498,282
S2156,212
S2656,85
S1760,132
S2365,496
S4282,123
S4245,377
S165,200
S922,251
S2260,201
S2563,396
S316,44
S2456,3
S4695,73
S1194,16
S103,256
S1505,294
S1997,336
S1712,420
S2586,121
S2033,494
S2724,308
S4599,462
S2826,332
S2276,74
S2204,51
S3198,264
S1466,365
S424,129
S3323,172
S786,171
S3871,130
S2829,265
S1316,368
S4620,394
S4258,415
S1747,30
S4084,341
S542,222
S3215,195
S2534,25
S623,308
S4482,122
S205,180
S1310,362
S4404,136
S1616,55
S1632,487
S4857,386
S4735,409
S2485,37
S4931,295
S4650,311
S4430,147
S1497,218
S653,115
S2296,307
S1067,80
S4249,426
S1730,327
S4019,93
S4528,213
S1435,241
S4398,48
S784,391
S1083,187
S4884,52
S2626,353
S4922,88
S2065,354
S1000,119
S3253,209
S3654,136
S4136,221
S3437,294
S3936,277
S3790,306
S3726,328
S3724,85
S1444,480
S2455,82
S4291,211
S2692,379
S9,158
S953,15
S4579,192
S3719,171
S3356,213
S865,141
S4177,225
S1672,3
S4756,142
S2530,158
S667,1
S1607,152
S3083,24
S1383,358
S4864,311
S2676,299
S4741,59
S88,427
S4502,214
S1959,434
S2077,415
S3025,213
S179,62
S4134,235
S2271,147
S4631,253
S1819,399
S3813,427
S4623,448
S4187,261
S3985,125
S3468,13
S4075,372
S1618,458
S3860,346
S1561,33
S4533,255
S1246,396
S3671,73
S611,29
S913,140
S630,51
S2014,237
S1949,386
S516,422
S1864,143
S3693,317
S2847,347
S990,340
S132,453
S3182,66
S1593,244
S4048,78
S1487,294
S2294,393
S1669,427
S1917,491
S4147,33
S2526,133
S1079,202
S3387,285
S2820,404
S2274,54
S1802,106
S1297,192
S3173,73
S2407,271
S1277,375
S573,225
S1160,227
S1236,290
S3678,212
S1742,82
S2507,412
S3023,409
S2938,317
S4261,454
S1876,350
S3793,66
S2743,421
S2784,218
S178,28
S754,378
S1477,76
S3887,72
S1426,255
S2911,32
S523,213
S2197,138
S917,420
S2771,102
S3920,174
S2208,315
S1655,310
S3619,400
S807,335
S2866,316
S180,41
S239,477
S1802,78
S1591,41
S1428,275
S4878,50
S3751,444
S1072,117
S1448,174
S3212,123
S479,36
S980,72
S840,356
S855,420
S3789,1
S1449,325
S3860,483
S2513,184
S2753,256
S1236,19
S871,173
S3080,200
S2261,438
S4251,459
S2332,148
S4511,262
S2770,183
S4825,388
S1663,12
S1795,159
S3271,239
S1452,493
S3722,411
S1097,176
S4688,181
S3646,283
S3875,126
S3673,368
S1851,10
S3352,158
S3119,315
S2217,405
S2193,430
S1012,463
S4978,450
S2472,437
S1585,127
S1673,45
S2703,461
S2315,315
S1501,446
S1716,285
S3418,62
S2353,284
S345,264
S4363,346
S1226,459
S1663,191
S63,85
S206,445
S270,375
S3377,331
S1029,241
S3969,84
S1500,393
S3332,409
S3284,128
S4800,404
S2214,309
S991,96
S2281,216
S3632,487
S4669,160
S2073,483
S2709,206
S3725,125
S3410,445
S1887,247
S595,85
S3628,21
S812,184
S2506,467
S4878,471
S3368,41
S3987,240
S3082,154
S4718,126
S2070,462
S1990,63
S1782,216
S3826,265
S3262,133
S2157,368
S2160,411
S2424,247
S3577,263
S4056,20
S323,326
S2489,493
S1840,197
S4898,24
S1799,101
S1397,99
S3093,140
S1687,447
S1346,370
S1738,210
S1191,352
S1205,392
S4001,57
S1522,260
S3088,289
S2970,152
S2091,112
S4040,302
S2237,7
S2857,249
S2943,373
S3975,131
S1909,55
S3865,498
S551,259
S1516,334
S1493,473
S3411,272
S2819,480
S2543,71
S3326,395
S1553,74
S2032,405
S3403,278
S3350,47
S2949,323
S4231,378
S1425,402
S2480,260
S2654,42
S1317,139
S1034,178
S1079,287
S2525,386
S2611,414
S3407,215
S4504,213
S4319,367
S887,477
S3616,496
S3699,353
S816,29
S716,222
S1607,268
S660,248
S468,411
S2763,65
S798,290
S1306,65
S4052,350
S1683,27
S3188,114
S3645,137
S2459,341
S573,182
S3885,18
S583,371
S1662,195
S3377,443
S1062,327
S1129,226
S3790,478
S664,452
S1709,306
S4586,80
S3923,197
S4457,78
S4235,127
S1936,451
S2235,147
S283,49
S4205,493
S765,18
S4623,472
S3210,35
S4951,461
S4690,234
S3964,92
S4471,496
S3987,1
S4670,269
S803,14
S4114,270
S4950,498
S4569,345
S743,266
S3659,274
S721,280
S4008,122
S1251,324
S1103,74
S4558,333
S1950,341
S2957,154
S891,354
S3955,198
S3321,375
S126,431
S4621,97
S1347,410
S4872,139
S2415,23
S1257,28
S442,316
S1689,235
S2456,19
S1652,319
S2586,436
S955,223
S3701,256
S867,392
S4441,495
S81,419
S392,116
S4069,167
S4253,389
S333,361
S1957,133
S4804,330
S1327,492
S2966,251
S2651,444
S208,252
S1110,108
S2276,497
S935,20
S974,395
S4096,186
S4023,165
S964,244
S2839,481
S1066,52
S4246,456
S4574,316
S4554,29
S4845,352
S3891,283
S1128,226
S1088,166
S2591,314
S4292,102
S3748,160
S974,494
S3486,215
S4223,6
S2473,431
S468,114
S596,133
S4043,437
S1598,197
S903,273
S2454,416
S1905,324
S4007,204
S918,449
S1143,263
S4625,291
S4711,396
S3522,343
S4957,279
S3834,19
S4208,435
S3954,219
S3979,373
S868,476
S2016,94
S1424,68
S1961,94
S1008,22
S2931,378
S3899,187
S4040,424
S2694,427
S1346,196
S4585,488
S497,428
S3832,455
S1681,477
S1977,187
S4764,281
S1551,118
S3645,39
S2652,326
S4558,338
S3771,447
S4251,56
S1428,366
S3359,226
S1159,350
S3929,86
S1151,243
S2432,280
S3573,265
S4226,11
S1879,305
S1496,188
S3097,19
S3398,177
S4064,419
S2888,167
S2783,413
S4933,426
S1443,174
S2131,408
S4088,280
S3626,323
S4863,54
S4221,175
S1249,39
S1177,384
S4023,140
S3828,39
S554,432
S2883,171
S2525,16
S4558,443
S1883,443
S2013,250
S1077,172
S2599,75
S1606,363
S3396,341
S167,416
S942,260
S2980,236
S1357,110
S2937,267
S1930,175
S2271,88
S631,310
S784,423
S4067,344
S1560,401
S3078,301
S1358,88
S2369,84
S1010,426
S3473,38
S2402,322
S524,403
S4917,356
S4887,451
S781,36
S2295,142
S427,355
S1849,89
S1288,111
S1629,191
S2946,444
S4902,485
S2545,189
S4917,282
S2741,472
S4073,40
S525,74
S2834,189
S2153,342
S2438,41
S1496,340
S2190,400
S4385,71
S4428,69
S447,247
S3335,329
S218,336
S3251,309
S3466,162
S2409,458
S86,169
S3483,217
S1924,94
S1641,15
S3280,101
S3323,53
S4662,36
S4418,380
S913,214
S655,421
S4064,428
S4523,386
S3262,283
S4592,209
S1253,386
S3329,228
S4992,462
S3497,455
S4445,493
S3881,310
S1385,313
S4126,277
S3853,477
S1855,489
S515,207
S1478,242
S4200,141
S1743,192
S4111,290
S2699,137
S771,485
S3985,12
S2044,343
S4978,39
S2177,45
S2645,181
S4195,93
S1082,84
S4097,120
S4374,63
S2074,314
S1298,479
S4443,492
S1896,489
S4181,221
S2318,299
S4195,474
S4154,496
S1840,404
S1529,300
S3842,119
S4600,4
S4780,432
S334,267
S1354,307
S4913,470
S4342,377
S68,264
S478,90
S716,290
S3617,119
S1505,250
S4354,342
S235,69
S4196,275
S541,458
S1114,397
S1676,20
S3211,56
S1836,72
S3386,496
S1271,303
S1585,353
S2943,12
S1340,137
S336,148
S3452,117
S1339,234
S4455,136
S4562,36
S1710,459
S4423,43
S4375,452
S4888,10
S2063,2
S4040,306
S3985,377
S1305,231
S1385,17
S392,100
S1752,262
S2129,201
S514,121
S260,270
S694,378
S3539,10
S3514,251
S3882,467
S4642,51
S3108,200
S2726,177
S3016,359
S1398,316
S881,89
S4415,399
S4389,186
S4470,387
S3834,326
S76,485
S3373,349
S1086,31
S3816,247
S2478,405
S1775,227
S2855,254
S3217,68
S3409,480
S462,424
S492,57
S2172,389
S1011,447
S3913,97
S1575,323
S2727,344
S2346,46
S3841,435
S956,488
S2213,435
S3021,37
S3161,208
S1102,263
S4152,200
S1487,271
S2938,21
S3832,291
S1938,346
S4309,253
S3147,441
S1338,153
S954,440
S3112,272
S726,211
S4281,235
S3714,47
S4066,414
S4994,450
S2952,16
S1421,121
S3369,273
S1066,248
S588,283
S1422,237
S847,400
S1839,86
S1321,323
S2417,168
S2643,258
S2474,497
S2248,496
S895,192
S4470,317
S2651,359
S2981,448
S3421,44
S974,413
S1784,35
S1413,352
S4627,89
S1311,175
S4898,442
S629,215
S752,261
S3051,475
S287,181
S2827,490
S3666,35
S1870,391
S1936,254
S2522,476
S14,280
S3500,399
S1688,376
S1713,20
S2453,180
S4785,149
S2887,326
S2708,295
S3809,404
S3231,84
S1343,41
S1210,11
S3052,285
S1362,123
S3337,439
S2586,440
S2286,264
S801,424
S567,374
S4089,375
S3158,276
S3280,123
S1875,250
S4776,470
S1067,54
S4229,141
S562,491
S1803,371
S720,483
S4618,245
S3050,30
S696,480
S1474,461
S1117,134
S2164,228
S1622,397
S4893,52
S3983,144
S1700,94
S1371,216
S4823,402
S1248,75
S726,95
S515,427
S3640,355
S880,104
S996,142
S3695,486
S727,219
S28,209
S4765,216
S2313,56
S1844,318
S1441,140
S3350,277
S1131,359
S3569,426
S3179,222
S2597,71
S1172,405
S3918,494
S816,287
S1382,67
S3841,432
S2473,100
S1427,1
S3333,269
S4629,172
S1985,418
S2291,469
S2858,213
S256,61
S39,91
S3788,172
S2224,178
S3195,306
S2417,356
S1121,259
S3250,279
S61,66
S1240,487
S201,54
S4367,448
S3354,345
S4815,348
S592,292
S4608,359
S2668,168
S4547,40
S1496,317
S3504,231
S907,431
S4279,285
S3711,425
S4827,414
S3875,192
S3654,267
S22,448
S1704,152
S1944,257
S1238,77
S515,250
S143,364
S2070,25
S2319,390
S1538,292
S804,451
S231,87
S2268,342
S4372,192
S1796,497
S2411,184
S1163,229
S3579,133
S4528,87
S4116,88
S4981,123
S2939,212
S3876,99
S889,299
S1086,346
S3910,413
S2363,205
S3561,96
S3148,151
S3649,97
S3299,337
S4070,250
S2378,11
S3894,210
S4414,249
S2114,407
S2607,28
S4504,288
S890,300
S2235,473
S1829,179
S1581,78
S1180,247
S4225,395
S1984,10
S378,452
S57,392
S202,297
S4444,225
S3931,451
S4270,17
S2892,219
S259,394
S456,347
S4633,500
S2593,396
S1323,451
S2820,65
S1068,122
S4418,285
S4725,338
S2958,240
S4048,137
S1500,57
S596,477
S1647,246
S2831,310
S100,42
S347,445
S1930,463
S2086,329
S6,398
S4327,126
S964,403
S2757,226
S2808,219
S4509,453
S2250,262
S3241,209
S3513,103
S1833,413
S3508,376
S3332,491
S509,219
S3013,101
S265,143
S1509,315
S2569,278
S4869,487
S2885,340
S414,10
S738,249
S1412,284
S424,92
S2506,75
S713,113
S1753,152
S814,440
S4715,417
S1033,352
S2139,270
S1729,247
S122,192
S3730,361
S2229,281
S2104,271
S4655,52
S2837,342
S2296,382
S16,336
S4165,164
S1189,36
S3018,424
S1899,390
S3983,398
S3393,354
S2805,456
S917,243
S3203,472
S940,332
S2857,455
S1685,129
S4903,423
S1934,272
S3050,25
S2236,21
S4385,18
S7,68
S990,401
S374,197
S2141,170
S2189,145
S4559,171
S4264,236
S3185,148
S1776,429
S3762,269
S1298,264
S141,32
S914,453
S936,266
S3021,69
S2615,207
S2323,465
S3587,92
S3867,93
S1513,174
S3687,288
S2521,201
S60,313
S3939,184
S1971,468
S3920,190
S467,370
S551,441
S1815,474
S4173,369
S3290,91
S4658,143
S4023,244
S3619,10
S2226,26
S2135,297
S3726,417
S1286,286
S1837,45
S2983,380
S3462,413
S2934,334
S4568,37
S3273,422
S2428,214
S1710,328
S2756,36
S2907,214
S2187,482
S1325,130
S2194,107
S2066,384
S2378,477
S1447,479
S117,405
S4033,493
S1100,159
S3288,308
S554,346
S300,403
S4684,231
S173,52
S589,411
S3863,432
S2430,217
S4827,351
S2085,211
S3164,460
S3175,94
S956,411
S3285,488
S3691,189
S4513,469
S3078,19
S4814,391
S1720,332
S742,194
S1013,139
S3430,340
S4274,449
S4126,386
S3512,480
S2369,374
S857,450
S2056,368
S982,429
S2478,408
S4785,244
S3005,9
S3413,148
S1266,53
S1111,3
S323,445
S1242,438
S784,427
S1449,471
S810,348
S4330,252
S73,51
S4456,485
S3852,119
S4351,477
S860,232
S1663,490
S4717,500
S3003,3
S2342,41
S2679,500
S4253,452
S4748,24
S839,194
S1537,447
S1962,312
S2574,263
S3586,278
S1619,215
S2853,65
S4065,359
S635,267
S559,68
S936,342
S811,180
S3057,29
S1542,318
S1216,377
S3145,266
S4709,34
S2122,96
S1925,473
S4570,392
S4947,157
S2767,451
S1332,450
S1026,95
S849,356
S4207,459
S2935,35
S490,433
S1961,369
S1817,69
S2046,205
S4766,370
S4384,375
S1396,494
S610,372
S1949,174
S2722,346
S2664,158
S3224,46
S2967,114
S3708,265
S469,48
S87,99
S3616,260
S3118,184
S4546,207
S1215,200
S2037,159
S4938,242
S3436,403
S683,245
S3350,433
S2207,70
S3037,286
S1575,243
S4181,64
S2382,125
S198,99
S2112,118
S3216,345
S1992,445
S3323,327
S4185,270
S840,191
S2707,354
S1966,445
S3813,335
S2607,379
S2509,371
S3714,333
S4517,459
S3040,103
S583,480
S4281,75
S4684,127
S3558,262
S1155,161
S1512,149
S2341,77
S1650,272
S3260,371
S1861,262
S3841,443
S2432,118
S2473,85
S322,2
S2347,229
S4382,188
S1847,137
S363,477
S952,125
S72,257
S3884,51
S3216,245
S1234,26
S1035,329
S876,336
S1387,260
S682,187
S1954,334
S2696,406
S764,247
S1032,412
S274,298
S1720,394
S3870,236
S1963,38
S3897,372
S4814,114
S968,39
S2427,286
S4724,127
S4526,332
S3393,195
S4647,289
S2527,495
S4516,186
S55,61
S394,207
S17,300
S4316,226
S41,105
S802,209
S3172,297
S3858,314
S3315,496
S3296,141
S3437,359
S4102,74
S5,432
S207,441
S3297,31
S495,86
S859,342
S40,335
S2164,1
S3577,494
S2345,228
S4082,203
S3830,183
S2728,316
S2128,118
S4860,444
S3858,158
S2716,475
S1269,79
S115,217
S581,21
S4584,133
S4545,105
S3177,360
S1236,73
S2805,489
S4047,15
S2325,244
S3165,22
S4043,12
S457,126
S1509,346
S373,462
S4631,498
S1016,291
S2783,45
S1024,187
S2717,202
S3459,7
S433,39
S3676,407
S2416,26
S4773,102
S1602,430
S3855,155
S2410,471
S1255,494
S2696,420
S3512,422
S516,44
S165,32
S879,219
S1884,24
S2830,228
S4381,396
S1957,213
S3999,216
S930,187
S1440,381
S2053,80
S68,314
S4702,358
S1757,38
S2466,35
S1101,421
S790,451
S2311,166
S888,188
S857,8
S3829,478
S1412,35
S2809,150
S4771,21
S2782,319
S4157,144
S2981,64
S624,455
S3504,286
S779,131
S2764,479
S1638,141
S442,225
S4476,274
S1543,13
S3534,138
S1982,495
S2997,91
S373,100
S3358,240
S456,460
S4251,388
S4298,70
S1982,446
S3092,406
S3300,222
S3881,78
S3729,225
S2965,239
S2141,21
S2930,94
S143,102
S2859,306
S2740,102
S1041,417
S2019,442
S4092,199
S4008,401
S2665,44
S578,99
S1120,174
S3264,346
S4095,120
S3433,496
S2418,51
S3739,333
S275,341
S898,133
S1024,314
S2028,94
S3080,77
S2356,102
S1964,487
S2030,320
S3889,208
S2309,391
S2593,279
S4559,29
S3207,425
S1174,87
S645,28
S1765,208
S4209,100
S109,97
S2724,54
S3500,369
S1934,218
S4689,159
S2393,211
S4175,253
S2388,24
S2757,2
S3913,368
S880,87
S2753,429
S948,308
S208,102
S2077,336
S2822,237
S2149,452
S4345,342
S1335,437
S4318,477
S3746,396
S2641,81
S3371,377
S2831,271
S2739,86
S255,268
S3449,3
S4393,169
S765,368
S3332,14
S3647,86
S3582,39
S1179,188
S1549,443
S1936,312
S4110,7
S2604,441
S1331,153
S4793,124
S1508,5
S118,491
S2181,488
S1176,317
S4096,148
S1507,476
S4715,166
S3668,98
S3515,383
S3723,188
S1697,307
S1621,230
S1924,321
S1122,464
S1643,381
S1080,392
S3944,203
S4329,449
S55,469
S2539,163
S3414,17
S1809,397
S2622,4
S1777,382
S2014,472
S2557,245
S3770,471
S4125,293
S4892,473
S490,204
S3293,483
S193,171
S1865,490
S992,338
S2815,110
S4252,383
S904,95
S2493,141
S3009,64
S3198,9
S3100,441
S61,298
S2242,46
S3966,6
S4727,311
S2104,407
S762,31
S3677,20
S4966,34
S2532,40
S791,180
S3133,376
S4461,90
S3421,356
S2295,219
S4332,38
S3851,461
S1357,29
S4930,256
S1544,66
S2515,151
S1553,131
S4409,2
S1847,57
S3979,55
S3019,288
S830,384
S849,144
S2295,373
S411,196
S2544,197
S1334,495
S620,282
S203,35
S3126,332
S3866,392
S3821,403
S1334,279
S3468,455
S1310,163
S3831,265
S4322,267
S3443,205
S236,206
S2653,127
S4169,336
S3128,489
S4794,178
S2197,306
S3931,256
S1163,358
S1866,84
S4424,30
S394,221
S950,153
S3877,392
S1743,423
S4026,365
S1126,298
S1131,144
S45,7
S4241,429
S2230,107
S2457,143
S767,230
S1719,271
S1138,252
S1889,170
S2837,441
S4950,120
S488,163
S4527,147
S1962,471
S1082,485
S110,42
S1906,124
S1181,38
S2377,240
S310,368
S143,172
S3667,465
S3554,35
S4136,120
S718,320
S3887,291
S4510,422
S2944,9
S3839,106
S3448,461
S2991,100
S4726,319
S3905,284
S2823,458
S3894,423
S747,154
S105,222
S2929,121
S4146,162
S1001,90
S600,314
S2437,100
S137,292
S4876,452
S1645,128
S1115,152
S546,441
S2409,263
S1042,237
S2645,327
S2441,176
S3211,223
S1964,442
S2789,147
S3662,44
S254,390
S3574,163
S2778,199
S968,438
S4279,289
S1615,475
S251,8
S4599,192
S244,317
S3347,261
S161,316
S2335,29
S2539,172
S1535,367
S2204,19
S3645,15
S764,131
S2543,471
S2938,318
S625,69
S2500,254
S3411,350
S3710,403
S4487,81
S1923,341
S4467,452
S1682,190
S658,498
S3874,99
S1108,10
S4801,87
S290,73
S4327,464
S2999,212
S995,109
S2103,78
S3935,180
S3225,8
S1755,257
S3195,302
S612,420
S1159,40
S3197,357
S3552,337
S2537,391
S2194,98
S1598,11
S3716,345
S4855,477
S3587,25
S721,194
S1898,324
S4560,385
S2198,52
S428,462
S850,427
S3688,134
S1637,348
S1799,74
S3154,398
S1490,151
S483,230
S4736,490
S4790,204
S548,294
S2772,272
S1725,280
S1761,69
S1510,359
S4527,169
S1686,239
S1562,139
S3621,114
S3270,365
S533,357
S1730,90
S359,160
S3651,312
S754,304
S618,468
S2240,149
S3688,32
S1920,192
S2010,259
S801,457
S2969,204
S1401,76
S3631,362
S4673,236
S4886,169
S3970,177
S117,8
S2745,263
S3687,150
S3099,480
S1768,323
S4489,115
S2756,197
S1379,200
S48,102
S2196,9
S1077,40
S2643,151
S749,386
S3683,213
S326,373
S2519,318
S2968,289
S736,339
S4209,427
S3756,317
S3807,408
S2931,375
S20,17
S755,470
S482,129
S3177,309
S105,119
S426,474
S1570,365
S3794,427
S1313,280
S1338,78
S83,461
S2236,8
S4970,131
S4417,297
S2084,382
S3377,452
S2821,349
S3338,312
S3768,379
S164,365
S1014,54
S4727,216
S795,259
S2075,295
S2777,330
S421,316
S3157,190
S177,236
S1923,233
S3745,313
S1496,168
S1523,436
S3359,72
S1665,270
S4239,432
S1682,457
S4946,341
S1855,224
S1029,13
S238,142
S241,11
S4803,460
S4795,86
S973,43
S1270,268
S2940,343
S4104,84
S2564,444
S404,191
S1438,122
S3759,407
S200,18
S3517,344
S4455,359
S4224,5
S223,116
S1967,218
S3255,48
S1527,460
S3351,182
S4034,56
S4926,490
S3683,101
S91,401
S3083,212
S3971,36
S4713,286
S1431,466
S2934,206
S4463,21
S457,279
S3148,470
