StudentID,MajorID
S1069,14
S4247,5
S1732,13
S2892,2
S3036,2
S4526,12
S3966,13
S4312,10
S3645,14
S1235,7
S3120,9
S32,15
S3573,11
S2073,14
S3640,5
S715,4
S4822,13
S2314,12
S3643,15
S3821,9
S1488,3
S2128,13
S2517,3
S250,7
S3030,15
S4570,2
S3426,7
S4173,13
S4768,14
S4767,10
S3171,7
S3358,3
S2208,10
S2195,13
S3852,3
S18,15
S3332,6
S3050,6
S345,12
S3537,4
S664,5
S2119,1
S2731,10
S4704,12
S3288,15
S1092,12
S892,1
S4816,10
S4047,1
S4215,6
S106,15
S1531,11
S4269,7
S709,9
S4398,2
S1064,13
S200,9
S3312,8
S4073,9
S217,9
S165,7
S2730,3
S2922,13
S2902,4
S708,4
S3657,3
S2611,14
S668,11
S4905,9
S3145,2
S4891,10
S4336,6
S403,9
S1203,10
S1011,7
S2747,6
S3333,7
S1916,2
S2823,9
S1468,12
S3178,5
S1033,12
S2581,6
S1136,6
S2525,14
S3232,2
S325,8
S1022,7
S519,10
S321,14
S2673,3
S365,1
S4675,11
S3614,10
S881,12
S226,14
S2714,4
S601,9
S959,12
S1356,11
S538,1
S2637,13
S4163,2
S4295,1
S1440,10
S4610,13
S3906,11
S2564,9
S2849,13
S2494,12
S650,2
S3495,9
S4747,2
S4942,10
S3938,8
S342,15
S576,15
S1988,6
S319,8
S4433,7
S388,14
S2228,1
S4414,3
S1404,13
S4849,11
S3439,8
S3684,5
S1145,1
S1562,12
S3504,2
S4119,12
S431,11
S1736,1
S3276,14
S1027,10
S3615,12
S4360,10
S2516,14
S1794,14
S1359,14
S1878,5
S4363,1
S1301,2
S3282,9
S1350,6
S2986,10
S3450,12
S383,7
S2534,14
S3159,2
S2462,7
S2629,12
S1302,11
S3756,3
S1073,15
S2072,10
S4636,14
S3096,6
S2932,8
S2865,12
S827,11
S4993,8
S438,3
S1926,10
S1334,7
S1037,15
S4026,4
S2998,3
S911,3
S2288,1
S2881,10
S1081,5
S2230,10
S4612,3
S1623,5
S2946,11
S1515,14
S4076,3
S1507,12
S3090,1
S2024,13
S1797,11
S4349,11
S4408,14
S4780,6
S1135,7
S2572,3
S564,6
S4651,2
S1638,5
S2148,11
S3766,12
S1836,8
S3167,1
S3834,6
S1164,14
S2918,7
S4096,5
S3526,10
S4445,10
S4071,7
S3977,4
S2713,7
S3769,10
S674,4
S1580,3
S163,15
S1447,13
S2050,11
S4768,9
S2248,7
S4899,4
S533,7
S4657,5
S1312,3
S1573,8
S1034,14
S3794,5
S2723,3
S2744,12
S2246,5
S4316,6
S1955,8
S1948,5
S3109,3
S1226,15
S394,10
S2569,10
S3494,11
S4080,4
S3284,4
S2621,5
S1300,11
S1306,10
S3577,11
S2604,13
S4563,10
S2115,10
S4423,5
S1777,6
S2059,3
S4516,2
S3340,1
S324,5
S1787,4
S1201,4
S327,9
S4526,9
S3396,4
S4125,7
S1742,13
S1581,6
S2365,9
S2966,14
S2145,4
S2982,5
S3401,3
S4112,9
S3522,4
S2346,4
S1274,15
S4217,4
S652,10
S3946,1
S4873,8
S3806,1
S2542,12
S2997,14
S457,11
S3851,11
S2004,5
S2896,2
S4713,9
S4595,1
S2574,10
S2277,10
S3549,3
S1592,5
S2320,1
S4229,4
S3519,6
S4663,12
S2266,7
S3374,6
S1132,5
S4879,6
S1358,5
S476,2
S2481,9
S2760,3
S4597,10
S2393,4
S4203,15
S460,8
S1034,12
S1385,9
S2470,4
S2050,9
S516,2
S2912,1
S523,7
S2644,4
S4169,12
S3352,12
S2774,11
S3165,14
S4636,13
S3698,4
S1689,6
S4148,9
S4335,5
S1090,4
S3272,15
S2187,11
S1140,15
S1764,12
S4574,8
S1613,10
S3347,13
S2931,9
S4127,13
S2620,14
S3050,5
S1641,12
S1692,5
S3813,4
S4358,6
S2588,13
S2662,5
S3113,3
S4638,10
S1603,8
S3765,2
S1412,15
S935,1
S4465,2
S2716,5
S4809,1
S4792,10
S1468,7
S4499,3
S2858,7
S2685,14
S338,9
S3032,13
S4687,7
S659,8
S3739,14
S1344,3
S2810,14
S2835,1
S3479,14
S2877,3
S2700,5
S1015,13
S1689,5
S3544,13
S3715,15
S3257,11
S3927,7
S3497,12
S2833,9
S4385,10
S2773,8
S3059,8
S2064,11
S3996,14
S1268,5
S1973,10
S3847,12
S4744,5
S1886,6
S4740,2
S4776,7
S2109,1
S585,6
S2304,9
S3479,3
S3973,10
S4725,3
S2065,12
S2269,13
S3483,15
S4448,11
S365,9
S745,12
S1292,13
S4757,1
S2943,3
S743,9
S2105,14
S3063,8
S3304,14
S2307,6
S2354,5
S1120,6
S1841,13
S2807,2
S2382,1
S4653,10
S2703,12
S657,3
S1081,14
S2379,15
S2482,15
S2177,1
S3129,1
S2588,9
S238,15
S1120,12
S3523,9
S114,3
S3316,1
S1475,4
S2411,8
S2959,15
S4943,6
S4614,8
S158,8
S1615,9
S511,14
S143,15
S2738,7
S3872,11
S117,15
S1133,3
S532,6
S3881,8
S1313,1
S1487,9
S3660,2
S1883,2
S4998,12
S3665,14
S4104,12
S4971,14
S3691,8
S3716,10
S599,1
S1424,14
S723,8
S1224,6
S1892,8
S3281,13
S4893,6
S2833,12
S4554,13
S2096,1
S1575,10
S619,9
S3876,3
S689,11
S3545,1
S2578,1
S249,7
S1580,13
S3712,10
S3471,5
S1614,15
S2968,1
S195,6
S3146,12
S2606,12
S901,15
S4653,5
S4302,15
S3604,15
S3667,12
S517,3
S4644,12
S1407,14
S1169,12
S661,5
S3311,8
S3415,4
S1542,9
S3104,7
S2554,4
S353,3
S952,15
S1823,8
S1825,10
S2629,15
S3038,13
S63,6
S2167,4
S3449,13
S1889,15
S1091,6
S4186,3
S4608,3
S2210,12
S706,9
S2459,15
S2192,3
S2189,3
S1741,13
S3995,5
S1126,4
S800,10
S3805,13
S3765,10
S4160,10
S4797,5
S3022,8
S1463,12
S945,2
S4598,5
S1634,11
S880,7
S3379,13
S1526,2
S1185,14
S2074,6
S4701,11
S4746,6
S3252,5
S1742,4
S4268,13
S3219,15
S1500,7
S4727,9
S4032,1
S671,2
S3659,5
S492,14
S1314,3
S3466,2
S4221,9
S270,12
S801,13
S3556,10
S1219,13
S3881,13
S3550,6
S3634,14
S3717,2
S2392,4
S4425,15
S2878,15
S3686,8
S3421,14
S3150,8
S829,13
S3209,15
S1353,7
S2859,4
S1043,14
S121,11
S766,11
S4608,11
S3486,14
S433,1
S4037,5
S2658,14
S2867,10
S3882,10
S4473,9
S4769,10
S2133,9
S3513,8
S3109,15
S4197,15
S1917,15
S434,11
S4496,3
S1344,4
S798,9
S4521,8
S3294,4
S839,2
S3476,10
S1533,13
S4738,8
S3302,10
S2447,14
S4890,10
S4878,14
S3855,1
S789,7
S3846,1
S2312,7
S1580,15
S879,11
S2125,4
S3762,5
S3148,6
S1971,15
S2029,11
S4386,2
S647,7
S632,14
S2492,2
S1061,3
S1327,2
S2026,5
S1707,10
S2710,8
S2358,5
S4028,12
S2101,15
S3906,8
S831,1
S1228,15
S3352,9
S882,12
S4044,12
S161,3
S4378,14
S2093,9
S1730,4
S1423,7
S4402,5
S1660,15
S143,4
S3362,7
S3831,3
S2060,11
S1525,5
S2692,2
S4487,4
S2232,15
S3299,13
S4456,4
S3014,12
S711,15
S2952,10
S2688,1
S1470,11
S609,5
S4047,14
S4204,8
S4484,13
S1107,1
S4069,4
S2865,15
S2919,7
S2157,1
S3331,7
S106,1
S341,9
S4376,7
S1126,15
S773,11
S2855,4
S4886,7
S2520,8
S2011,5
S2053,6
S2154,2
S2133,10
S2934,8
S386,1
S4645,8
S338,11
S3983,2
S2443,3
S335,8
S1224,4
S3423,15
S223,8
S1449,7
S3649,5
S4253,2
S3105,12
S2676,3
S3951,2
S3873,2
S1795,2
S3815,12
S650,9
S4179,11
S2378,8
S4512,4
S2289,10
S2200,5
S2340,11
S143,6
S1412,10
S4896,3
S206,1
S1072,4
S414,14
S4532,3
S4541,2
S3562,10
S1841,10
S4522,11
S2067,14
S4846,1
S891,4
S2320,4
S1174,3
S3462,6
S4588,2
S367,8
S2992,1
S3554,4
S2943,14
S1414,12
S3447,5
S1242,3
S2313,6
S2267,7
S314,2
S1102,14
S288,15
S4959,14
S3016,1
S4207,2
S7,15
S3261,10
S496,13
S2950,10
S1113,1
S1970,3
S86,15
S2808,4
S2958,2
S3783,5
S1129,7
S688,15
S1080,11
S4720,2
S2091,5
S1020,7
S3109,9
S3082,8
S4056,12
S1578,2
S1508,5
S2398,3
S1054,1
S2884,4
S798,1
S2073,5
S3313,13
S1240,9
S2307,1
S3774,1
S1054,13
S3287,3
S3162,4
S2237,11
S2021,5
S4491,14
S243,2
S1182,14
S1892,10
S4884,3
S2197,13
S2194,10
S435,9
S4074,9
S3144,8
S434,6
S642,7
S584,10
S3180,11
S4739,13
S366,5
S4449,7
S2282,2
S3184,11
S3876,2
S3799,15
S640,8
S3529,15
S477,7
S4797,8
S1063,4
S486,8
S532,7
S2292,11
S704,14
S4098,12
S638,6
S2283,1
S399,11
S2075,15
S2589,13
S343,7
S3658,8
S498,6
S2560,12
S3900,6
S1574,15
S281,1
S1239,15
S2116,15
S2248,9
S336,15
S4006,3
S1619,6
S3534,5
S1998,14
S2855,7
S4337,9
S2938,1
S612,2
S1789,3
S4288,14
S1057,6
S1441,12
S916,15
S2091,14
S4928,10
S4493,5
S3079,2
S995,5
S1392,15
S646,5
S3842,10
S4437,13
S1401,15
S4590,14
S1059,7
S4377,4
S4540,6
S3885,4
S1912,6
S1403,3
S3422,13
S3568,12
S3431,15
S1293,7
S4808,6
S4441,2
S2147,4
S4469,3
S3309,1
S1271,11
S32,6
S2511,11
S2180,3
S715,15
S3544,14
S3122,2
S2960,2
S1100,12
S2173,4
S2345,14
S3526,6
S4250,2
S3805,7
S962,11
S1735,13
S1195,7
S2724,2
S2614,2
S3155,11
S3862,2
S1784,15
S768,14
S872,12
S640,6
S4491,5
S3756,9
S144,5
S3469,2
S3322,14
S3667,6
S4643,2
S2886,14
S3997,1
S3461,6
S3061,6
S2,14
S2869,14
S4805,7
S243,10
S2574,2
S2888,6
S1854,11
S3869,15
S1746,13
S3942,12
S1,6
S2321,3
S4054,6
S3494,8
S3434,4
S3865,5
S3032,9
S2515,8
S2667,4
S4733,2
S3595,8
S1811,7
S2888,10
S1739,8
S3621,12
S4577,2
S1714,1
S2938,8
S26,8
S4113,9
S634,13
S2752,12
S3812,12
S2691,7
S4671,12
S928,1
S157,6
S1874,15
S3513,14
S3392,2
S1240,6
S1683,8
S2857,7
S4378,2
S3080,8
S987,9
S4788,6
S3675,2
S2307,4
S3950,13
S4372,1
S722,4
S1033,2
S4735,6
S2715,9
S1537,14
S4224,5
S1954,5
S464,9
S3019,4
S4197,12
S4656,7
S2134,6
S2833,11
S4320,13
S1166,10
S1871,9
S3102,6
S3215,14
S2412,1
S2871,2
S577,14
S4384,4
S3075,2
S3940,10
S379,15
S4152,8
S1618,10
S3042,2
S4716,7
S4355,2
S4324,4
S846,11
S2494,6
S3516,1
S1756,14
S23,3
S2383,15
S1503,11
S4642,5
S1494,13
S4267,8
S2396,15
S770,11
S1219,15
S2953,9
S4236,9
S1861,10
S4734,11
S3234,8
S1873,8
S4075,8
S294,8
S2152,1
S4053,14
S2513,15
S4757,12
S4792,12
S235,12
S2055,6
S2287,9
S2654,2
S1858,12
S1970,6
S275,10
S4013,4
S3679,9
S4734,10
S1735,7
S2725,8
S2476,13
S4006,5
S2297,5
S4486,2
S3086,5
S3284,6
S1952,3
S1170,9
S712,5
S2639,11
S3735,11
S3574,11
S3381,4
S2832,8
S2172,5
S3919,12
S1374,8
S1272,11
S4152,12
S3222,11
S2749,12
S4781,3
S2499,12
S2433,4
S2339,10
S1211,5
S4662,3
S348,3
S1374,1
S70,9
S3135,2
S4537,11
S3470,12
S2468,12
S2698,7
S1171,9
S2440,12
S4417,4
S35,6
S4168,7
S1018,11
S1031,14
S3178,9
S765,15
S3043,11
S1289,12
S4903,8
S4088,14
S4871,4
S2962,1
S1563,7
S1480,15
S829,10
S4991,4
S3416,15
S72,12
S1588,7
S3103,6
S3501,7
S522,9
S4151,14
S3267,12
S2170,15
S100,3
S1392,10
S2970,7
S1844,15
S1207,1
S2121,5
S4159,14
S4750,15
S421,4
S1200,3
S4883,13
S386,12
S1139,14
S3576,10
S1203,11
S3409,8
S416,4
S4906,13
S561,14
S2285,2
S4127,2
S3207,8
S3539,5
S326,5
S1513,6
S2255,14
S4173,2
S3755,13
S3722,11
S958,14
S604,13
S212,4
S3742,6
S1057,1
S3647,10
S1557,3
S1788,3
S2226,15
S1089,1
S648,7
S1788,1
S1669,10
S427,10
S211,15
S2005,3
S213,4
S3509,12
S13,1
S605,12
S590,11
S4137,3
S615,14
S1299,12
S3048,9
S152,9
S959,15
S2708,15
S3653,7
S3998,2
S1745,12
S1242,11
S1117,4
S964,10
S4655,15
S2307,11
S570,15
S2763,10
S2881,3
S2051,9
S1089,5
S2764,7
S1527,8
S4459,9
S1409,15
S1994,4
S3317,7
S1487,1
S1997,5
S1197,15
S4129,13
S2630,14
S2925,9
S2507,5
S3703,13
S3459,1
S2138,1
S1358,15
S3378,12
S1625,10
S812,15
S3178,13
S179,8
S3740,1
S2386,4
S2312,11
S1307,3
S3026,4
S13,11
S720,15
S4096,4
S1035,6
S931,6
S284,12
S586,11
S4949,3
S4351,13
S3579,8
S3810,9
S1905,4
S3706,8
S703,7
S4922,5
S2208,7
S4987,8
S631,14
S4586,10
S4798,11
S1523,6
S635,6
S3699,3
S1782,3
S2620,1
S2183,13
S2730,4
S2470,8
S3948,8
S2533,9
S1672,1
S691,7
S3384,7
S665,14
S802,12
S4429,7
S1419,3
S3252,14
S981,9
S2782,14
S3228,7
S2502,6
S545,3
S4157,1
S4582,15
S344,3
S1128,12
S3137,10
S2208,14
S4104,2
S510,13
S3525,1
S4261,5
S1864,13
S1731,1
S1261,14
S4909,15
S3384,2
S4817,6
S4492,5
S1122,7
S2960,15
S116,15
S1658,6
S2145,6
S4758,15
S2864,3
S1981,11
S3890,8
S1263,15
S4251,13
S2784,5
S64,4
S697,4
S4807,15
S4124,1
S3716,12
S327,3
S4594,2
S4436,5
S2567,11
S2286,2
S3323,10
S1500,9
S1633,7
S3548,2
S1929,1
S2162,9
S2295,2
S2358,8
S4120,12
S2680,10
S1071,15
S2670,4
S1000,7
S2802,13
S3950,3
S1768,9
S1436,1
S827,12
S2478,12
S2052,7
S1055,2
S1889,11
S3934,10
S1134,1
S2432,8
S130,10
S1072,7
S4672,10
S2043,8
S228,5
S4356,9
S1747,4
S2998,12
S3559,1
S396,7
S1775,12
S936,12
S4456,14
S4533,11
S4420,9
S2258,1
S1950,1
S3346,14
S2390,1
S1840,9
S1153,4
S109,15
S1281,11
S2508,8
S3032,10
S2704,6
S1502,9
S2270,10
S3125,10
S3464,5
S572,1
S21,11
S2119,10
S596,11
S2001,15
S1531,12
S837,14
S1654,9
S2207,13
S807,4
S3922,11
S2845,1
S2689,8
S1962,11
S3482,12
S1340,12
S3981,3
S296,9
S4027,10
S4100,3
S4102,3
S4238,1
S999,15
S2868,6
S4750,8
S3902,11
S3838,5
S3405,3
S2167,13
S571,2
S4045,6
S2559,11
S3845,4
S4540,9
S2669,12
S597,2
S984,5
S1654,1
S184,2
S1614,11
S3354,8
S4077,10
S1751,7
S1575,1
S3707,11
S4202,11
S2108,3
S3379,15
S805,8
S4571,9
S2435,11
S3456,5
S4568,12
S3386,15
S1990,5
S3810,6
S4372,14
S4546,1
S3970,11
S3700,2
S261,8
S4651,8
S954,6
S1909,10
S994,2
S364,7
S2547,8
S669,2
S1487,11
S3430,8
S495,11
S964,1
S312,9
S1562,8
S2557,11
S3878,12
S3005,10
S3026,14
S3744,10
S2875,7
S933,10
S1015,7
S3988,15
S3132,7
S3705,3
S1484,15
S2498,11
S419,8
S393,11
S938,6
S1653,1
S1371,8
S2108,7
S2395,6
S1808,9
S4511,10
S308,4
S4355,7
S4561,12
S1120,10
S601,10
S4325,5
S2711,1
S1047,11
S2452,2
S4717,15
S4744,10
S2622,9
S4163,1
S3970,12
S212,1
S564,5
S4286,3
S1897,2
S1837,6
S3959,2
S631,7
S214,14
S3169,9
S3911,12
S2995,12
S3749,7
S1939,10
S1948,15
S2998,7
S2790,5
S4585,12
S3929,9
S2775,6
S492,7
S1086,8
S1368,13
S4442,5
S1037,13
S3130,3
S2415,10
S4125,12
S4715,6
S3821,7
S3505,12
S2586,15
S3395,13
S2242,10
S2191,7
S3514,4
S1408,7
S4292,13
S739,4
S2111,3
S4632,4
S3780,1
S2850,7
S1481,12
S74,15
S292,3
S914,10
S1664,12
S1559,7
S2688,12
S2265,1
S1071,6
S4224,6
S3436,13
S1335,8
S1480,3
S814,14
S3356,9
S351,14
S3919,1
S4771,9
S323,2
S2274,1
S1752,6
S377,7
S3415,7
S1884,1
S1694,8
S1135,4
S906,11
S1968,2
S1163,12
S817,14
S2041,13
S17,1
S1646,8
S4990,6
S828,7
S810,12
S2311,6
S1098,4
S568,3
S2120,14
S4755,9
S2220,4
S4337,12
S2730,9
S21,12
S2842,2
S1844,8
S430,14
S4711,11
S2597,4
S1141,1
S1366,3
S631,15
S3005,12
S4629,14
S4414,14
S3683,10
S4094,14
S4988,8
S2480,3
S4366,3
S2115,6
S1707,14
S3782,12
S4644,9
S57,3
S64,13
S899,8
S2603,12
S968,2
S2217,15
S253,4
S3098,5
S9,1
S4780,9
S1159,1
S1589,7
S4296,10
S4540,10
S4863,2
S21,10
S4105,14
S597,10
S1009,12
S1193,3
S1632,1
S3451,10
S3542,9
S59,1
S2397,10
S1401,4
S3918,10
S159,1
S1855,4
S2023,5
S1488,7
S1069,1
S929,6
S41,5
S3244,15
S1535,14
S2477,7
S4812,2
S1411,15
S3424,14
S1612,10
S1899,8
S2856,4
S896,14
S824,14
S3880,5
S2688,4
S247,13
S3942,9
S1675,6
S4534,10
S1204,3
S4840,3
S3567,8
S3822,2
S2311,11
S3221,5
S381,1
S240,6
S4463,8
S2141,11
S4321,6
S4615,7
S2549,9
S4581,13
S2914,11
S1651,15
S3620,15
S3842,11
S3799,8
S1239,11
S3675,15
S4322,15
S804,2
S2799,12
S2882,14
S4909,2
S4788,7
S744,7
S2591,13
S2062,5
S230,15
S121,8
S1339,8
S2011,11
S4619,4
S332,15
S2042,2
S4897,14
S1477,2
S1502,15
S3668,10
S3062,10
S2783,8
S2331,11
S3723,11
S183,12
S3741,13
S739,12
S2351,5
S3744,8
S2708,8
S1969,3
S4863,3
S1903,1
S4827,13
S343,5
S2463,9
S123,15
S2878,12
S426,3
S2160,11
S3312,4
S3711,13
S3265,15
S1693,3
S2303,12
S973,6
S4245,2
S4456,2
S1701,13
S627,12
S4293,4
S3485,7
S3305,8
S180,3
S1473,2
S622,5
S650,3
S1622,9
S3021,12
S3093,3
S2026,10
S1165,10
S3136,14
S3554,13
S499,10
S3,12
S4220,3
S4616,9
S1346,14
S1976,7
S2089,2
S3073,5
S2781,15
S2378,12
S2339,4
S4047,12
S180,7
S449,10
S3730,1
S2837,7
S2289,13
S1301,6
S3914,4
S4996,6
S1012,2
S1671,12
S2666,3
S4491,13
S2036,9
S2846,10
S385,9
S4875,12
S4926,2
S1635,9
S963,2
S1317,2
S1826,12
S4999,3
S2167,15
S2246,3
S1770,7
S3091,6
S2310,7
S4928,1
S1608,13
S975,6
S3372,10
S3881,11
S2285,5
S2952,1
S4000,5
S2814,11
S1484,10
S907,7
S260,13
S96,5
S1824,6
S314,1
S3610,8
S2743,7
S4721,15
S3051,7
S2849,7
S3526,13
S2098,13
S1375,3
S4044,2
S2622,15
S952,12
S4980,4
S4079,2
S4938,1
S4544,14
S1917,5
S1573,4
S201,11
S2239,15
S2790,11
S1916,1
S1592,1
S3700,1
S4111,9
S3910,12
S4579,1
S103,8
S4059,8
S1017,11
S2986,4
S4172,11
S2535,4
S2351,8
S2507,7
S1022,2
S1794,3
S501,15
S2183,6
S4871,3
S1215,7
S1822,13
S1333,3
S2983,14
S944,10
S1983,1
S4090,7
S2173,3
S3828,11
S310,11
S3962,12
S2580,1
S4841,5
S3143,3
S1763,1
S927,3
S4860,6
S4806,6
S4410,10
S865,15
S4689,11
S3872,3
S3521,12
S3221,11
S1298,9
S3037,1
S2491,15
S1627,8
S3461,7
S2169,8
S2942,9
S2419,2
S1496,14
S3084,13
S2009,5
S3323,15
S1604,5
S4536,1
S3001,2
S3672,12
S2467,3
S4031,3
S910,13
S1101,11
S1172,6
S1729,6
S2856,6
S3249,6
S4358,11
S1278,14
S2362,8
S895,3
S4667,15
S4404,5
S4130,15
S2763,1
S1038,15
S4717,9
S4394,13
S324,1
S610,2
S4373,11
S1225,9
S3768,6
S4513,3
S3414,3
S1382,2
S1672,15
S3281,14
S3186,3
S2275,1
S402,14
S3733,3
S2700,12
S544,2
S790,7
S4782,11
S4639,9
S229,10
S3681,8
S3621,11
S2996,9
S1302,5
S1722,2
S4429,3
S4319,5
S950,4
S1257,14
S2299,15
S2294,7
S4374,14
S2572,15
S2802,15
S3995,7
S1381,10
S2658,9
S2293,9
S3685,14
S3408,2
S4590,15
S1612,13
S1298,4
S1060,11
S2257,6
S377,3
S4724,7
S4289,5
S4424,13
S2024,7
S3961,12
S4919,10
S2261,12
S4616,8
S4034,6
S4323,5
S4323,1
S2945,9
S400,7
S1100,10
S3557,5
S1772,4
S3076,13
S3709,3
S4279,9
S1949,5
S4061,5
S449,15
S2675,4
S3721,1
S2157,6
S567,5
S2078,14
S2916,5
S3429,4
S3550,9
S3226,13
S1467,14
S1526,10
S3048,4
S218,15
S3413,10
S722,10
S4497,14
S3789,15
S1057,9
S3869,6
S1715,1
S911,15
S3967,8
S4355,10
S3103,11
S3042,14
S1717,12
S1866,1
S3843,6
S2353,6
S3476,12
S1723,8
S883,5
S2096,11
S301,8
S4155,6
S2666,6
S686,13
S3466,3
S1754,12
S2105,5
S3875,7
S4478,6
S4065,13
S4633,7
S632,3
S759,6
S4008,13
S2512,11
S4756,2
S852,1
S1640,11
S1830,5
S3111,15
S2934,3
S205,14
S1451,9
S1647,5
S3887,15
S4195,13
S4859,3
S4026,15
S2169,15
S368,6
S2047,3
S2067,5
S743,10
S3230,12
S4846,14
S3208,14
S365,7
S2756,14
S4613,12
S3880,10
S4686,2
S4426,3
S8,14
S482,10
S4604,13
S1444,11
S3949,4
S2046,7
S524,14
S4183,9
S4483,4
S4106,14
S1562,14
S698,5
S3794,15
S2990,14
S3808,14
S3656,5
S3624,4
S2711,2
S665,5
S4309,5
S2413,6
S2714,1
S3572,3
S34,1
S2986,1
S4854,10
S4971,10
S3576,1
S3400,9
S1045,4
S2884,3
S2500,10
S923,13
S1584,8
S1743,6
S2415,14
S2046,4
S2696,2
S27,5
S4469,2
S3482,13
S3154,2
S3215,15
S4116,14
S2607,8
S1359,3
S63,7
S1199,1
S1082,7
S1220,11
S2947,1
S2731,8
S4013,14
S3114,12
S444,2
S3403,13
S1415,5
S4905,12
S4772,2
S1068,6
S1885,14
S4963,13
S3014,4
S2262,1
S753,13
S4015,7
S1387,1
S3671,14
S2648,9
S1503,4
S1736,11
S2304,4
S2725,7
S4031,13
S4258,10
S1518,2
S493,3
S1611,2
S4793,1
S2382,11
S1386,11
S3269,5
S3262,14
S1002,13
S130,12
S3893,15
S2632,15
S515,6
S552,4
S3600,6
S2971,15
S2821,2
S4837,6
S79,10
S2576,4
S1377,10
S2997,2
S1972,9
S4701,9
S2595,8
S1113,10
S1142,14
S1095,6
S2451,3
S815,9
S1257,4
S3960,5
S2624,14
S155,2
S4695,12
S598,3
S2605,8
S1749,7
S4602,13
S982,7
S3796,10
S1053,2
S3954,2
S4348,11
S3606,10
S4105,10
S1854,5
S3002,6
S285,2
S2006,4
S4502,13
S4907,9
S1036,6
S3884,5
S2025,2
S2892,14
S3988,8
S588,14
S549,12
S4327,13
S4165,11
S4294,14
S3674,6
S91,6
S1653,14
S2621,1
S2821,1
S2925,2
S119,13
S2694,6
S3309,10
S3553,3
S2541,12
S3111,7
S2215,12
S2797,2
S1880,9
S2955,5
S4692,8
S759,12
S4735,13
S3195,2
S1996,11
S4287,1
S1002,4
S4129,3
S271,10
S913,9
S2676,4
S4984,12
S1038,1
S4824,3
S739,11
S4113,8
S2409,13
S1951,14
S1964,7
S1019,12
S2779,6
S4758,1
S115,14
S2757,15
S398,9
S4475,5
S395,2
S1737,4
S3786,1
S399,6
S3954,3
S4193,8
S451,8
S1556,8
S4074,2
S4897,1
S2587,3
S425,3
S2665,2
S4334,12
S2280,7
S250,6
S4421,15
S2219,14
S3219,6
S1962,4
S731,5
S1885,8
S4090,8
S2258,15
S1058,1
S356,14
S1813,4
S2535,8
S4026,7
S3415,6
S3110,1
S3857,11
S3643,3
S4706,6
S2157,8
S3557,14
S3043,5
S1836,15
S3826,12
S356,10
S492,8
S3204,8
S956,6
S958,8
S1815,7
S573,5
S3282,2
S4645,6
S2247,4
S652,3
S4893,13
S4453,1
S2019,6
S2857,14
S1477,4
S656,10
S612,5
S4464,10
S3523,10
S1272,5
S1713,4
S1871,4
S2290,14
S1932,3
S305,2
S1862,6
S4782,1
S227,4
S3827,10
S3608,9
S4523,10
S360,4
S648,10
S2353,3
S4736,3
S4697,11
S4236,10
S363,11
S4586,5
S71,14
S2877,9
S1779,13
S1225,7
S3921,13
S3374,2
S3473,11
S3756,13
S2012,5
S364,6
S1679,1
S3206,14
S1223,2
S4952,11
S4095,4
S819,10
S1715,15
S3228,11
S1142,6
S3522,2
S1028,10
S3826,14
S4131,1
S1907,11
S1075,8
S688,3
S915,1
S3329,10
S318,5
S1072,11
S2335,8
S3538,3
S2476,11
S2612,15
S3567,4
S2393,5
S3043,13
S3065,8
S2705,2
S2370,12
S1645,13
S2884,13
S3798,8
S2285,10
S548,11
S2757,12
S4599,5
S3164,14
S3643,12
S4337,8
S3531,3
S1690,15
S4011,12
S1565,9
S1957,6
S1267,3
S3732,14
S3724,7
S1637,3
S3900,14
S1033,1
S4115,11
S4420,13
S852,3
S1030,1
S1499,12
S4636,12
S4325,2
S2038,4
S3233,1
S1753,4
S666,14
S3069,4
S4416,13
S182,4
S2025,14
S706,4
S1255,9
S1247,10
S591,3
S390,4
S2666,8
S3760,15
S422,12
S3419,9
S2628,3
S1898,6
S1451,15
S67,15
S4603,9
S3988,5
S307,11
S3627,10
S753,1
S1052,2
S1177,4
S4610,9
S1529,14
S598,7
S3535,6
S4958,6
S403,15
S4684,3
S1812,5
S1364,2
S1946,11
S422,14
S319,15
S1415,1
S568,13
S2921,15
S2957,11
S1312,8
S1627,14
S4235,7
S317,5
S64,11
S2266,11
S3843,12
S609,11
S1268,9
S4409,12
S834,4
S1749,8
S270,13
S853,15
S4955,1
S3930,5
S3050,14
S2199,10
S2377,2
S3716,9
S135,5
S3329,2
S1192,13
S1110,2
S2630,6
S366,8
S823,12
S3572,8
S1361,14
S76,5
S3655,1
S190,15
S4585,11
S4792,9
S3902,14
S3201,13
S2090,8
S2088,15
S2391,1
S1583,6
S1178,11
S866,12
S1965,15
S2733,4
S3074,10
S575,4
S1324,5
S4811,15
S3755,10
S2923,7
S2785,4
S1283,4
S2175,9
S3998,12
S4974,4
S664,4
S830,14
S2576,14
S2555,10
S3856,3
S4898,7
S848,1
S2701,1
S2463,10
S3372,13
S2688,15
S3030,13
S207,2
S2254,5
S343,12
S480,9
S4497,7
S3782,13
S1687,1
S2439,11
S2126,5
S1969,12
S1125,1
S2747,5
S4676,2
S4102,14
S3176,6
S2122,7
S908,13
S3306,1
S718,1
S1373,7
S4986,11
S3670,12
S2629,2
S2774,10
S1529,3
S2041,5
S1079,4
S1885,7
S776,6
S4527,15
S2052,10
S3153,8
S212,14
S2278,11
S3574,1
S2410,12
S3518,8
S366,4
S3344,8
S672,4
S2983,10
S4482,14
S1368,15
S2605,13
S2313,3
S1121,7
S2865,2
S3156,3
S1473,6
S3220,4
S651,12
S3862,11
S976,12
S1604,2
S3734,10
S4157,5
S319,4
S1295,5
S2119,3
S1189,1
S4900,1
S157,5
S1512,2
S1700,1
S3421,13
S4641,6
S883,3
S4643,1
S1879,3
S1599,10
S3096,8
S4739,11
S2366,10
S2864,11
S2847,1
S3636,4
S4510,8
S4943,14
S2745,12
S4935,12
S2612,1
S1464,4
S2923,12
S4100,10
S1657,10
S3410,1
S2077,15
S2403,13
S564,14
S1727,9
S2360,6
S3059,6
S4511,8
S1894,12
S2386,1
S4931,7
S1211,2
S1944,7
S3225,8
S961,3
S1594,3
S1426,10
S2941,8
S1222,2
S3922,12
S2575,1
S4935,15
S522,10
S969,4
S110,7
S3528,8
S329,9
S1742,6
S1672,14
S1526,15
S2780,5
S2442,1
S695,11
S1579,10
S1389,10
S884,9
S3018,10
S1028,2
S1399,14
S426,6
S1466,1
S4552,11
S113,14
S667,15
S2281,2
S4485,10
S719,8
S2660,11
S2327,1
S2644,2
S1166,9
S424,9
S1869,5
S4029,7
S2491,11
S1576,12
S1893,15
S2645,14
S3748,14
S3597,1
S4267,4
S3924,12
S3375,1
S1558,13
S1712,4
S2633,11
S3508,7
S4001,15
S4098,11
S1398,11
S2653,8
S277,12
S2902,5
S2917,2
S3222,4
S1278,11
S1141,2
S248,14
S3577,12
S3568,8
S1848,12
S765,6
S4740,5
S686,12
S2179,12
S3706,11
S570,4
S2413,2
S4041,1
S3369,9
S559,11
S2674,7
S918,7
S652,4
S3499,9
S3056,1
S2134,13
S3257,2
S2813,9
S2829,9
S4535,7
S4319,11
S4387,2
S3923,2
S4276,6
S1298,7
S248,4
S3283,15
S2772,10
S1460,10
S4462,1
S1378,13
S1169,3
S2880,12
S1426,15
S3290,12
S4165,8
S256,4
S4121,12
S2360,1
S801,10
S1470,13
S378,14
S4315,5
S2184,2
S3817,14
S2096,5
S2478,10
S4838,9
S1110,9
S2570,14
S1533,11
S2476,1
S3120,14
S3102,8
S3793,5
S4514,7
S3559,11
S4765,7
S2751,8
S1514,15
S1837,15
S1868,13
S3600,13
S1994,9
S3598,11
S3102,2
S1684,7
S2230,1
S4720,6
S4279,5
S2382,10
S2727,4
S1641,11
S4880,2
S3214,4
S751,5
S3357,1
S464,2
S4028,3
S1747,2
S877,10
S1,2
S4436,4
S1855,11
S2050,12
S3472,1
S201,4
S2811,6
S3095,5
S1412,7
S3800,6
S229,9
S1019,7
S4134,5
S4879,1
S710,15
S3103,13
S4322,10
S705,8
S674,15
S3821,13
S348,2
S3314,2
S2323,2
S2189,10
S3116,14
S417,5
S784,4
S3330,12
S4575,3
S2895,11
S2334,12
S4714,5
S1962,13
S1420,2
S2144,4
S4414,5
S1491,11
S215,15
S4887,6
S2283,2
S506,2
S4638,7
S228,14
S4979,12
S2455,6
S2296,1
S554,12
S1571,4
S4648,12
S2157,13
S4291,10
S4505,14
S1348,10
S4105,3
S3226,10
S467,13
S3284,10
S951,4
S4623,12
S1315,9
S3570,2
S423,3
S4294,4
S3555,5
S2837,14
S2712,10
S4857,6
S1287,8
S4651,11
S4424,9
S3589,7
S823,9
S4018,6
S1997,1
S703,11
S3366,7
S4012,5
S842,14
S2227,10
S4212,1
S2984,3
S4848,1
S2600,15
S1141,6
S2152,9
S3830,4
S213,7
S1755,15
S897,10
S1625,13
S1673,15
S2492,12
S4015,8
S4129,8
S1117,6
S2154,3
S787,5
S3700,11
S4937,8
S1391,14
S2510,15
S2684,13
S2421,8
S3416,13
S4631,10
S818,4
S2517,4
S1328,14
S2040,5
S726,14
S735,1
S782,11
S2684,4
S632,13
S4137,14
S812,8
S4612,4
S4552,2
S4818,3
S853,5
S3958,5
S368,15
S948,11
S656,1
S1637,10
S121,15
S4170,11
S2398,4
S4150,10
S1145,9
S2964,4
S1805,8
S2478,6
S3076,10
S4555,12
S4635,6
S2022,7
S4542,3
S915,8
S1941,6
S2333,1
S361,8
S3473,5
S3400,13
S1947,3
S1393,6
S1818,7
S2443,14
S4896,8
S3539,11
S61,6
S4951,13
S100,6
S137,10
S1186,6
S218,1
S1177,1
S3767,1
S2452,3
S1878,1
S4667,3
S4024,15
S4684,5
S3221,15
S209,8
S4142,4
S4787,6
S2654,10
S3863,10
S4371,8
S2489,6
S2399,1
S3002,5
S209,11
S1255,14
S2437,8
S3663,3
S1751,11
S1133,2
S1062,2
S2964,12
S1311,13
S4630,3
S806,8
S1666,14
S4033,2
S1720,14
S981,10
S3904,9
S3160,14
S2808,7
S1090,13
S1480,5
S321,4
S2219,3
S1515,15
S3571,11
S4432,11
S877,3
S2454,8
S4893,9
S2704,1
S3367,8
S4002,14
S4112,14
S4512,11
S3252,7
S969,6
S4189,7
S181,5
S1660,12
S3717,3
S219,5
S1489,15
S2055,12
S1856,3
S4793,4
S4261,13
S2125,7
S1729,1
S4975,12
S163,2
S1337,12
S764,15
S1197,11
S1094,1
S3411,11
S4304,2
S3938,9
S3179,3
S1532,4
S2223,8
S1244,11
S368,3
S396,5
S1738,3
S4589,15
S4022,4
S264,11
S2644,11
S311,4
S4620,1
S3304,11
S4685,1
S2201,3
S3113,15
S4459,6
S4463,7
S1702,11
S377,10
S2711,14
S2514,7
S2473,15
S2251,2
S50,15
S3345,3
S359,13
S3318,3
S2338,8
S386,15
S897,13
S3544,6
S264,10
S3129,11
S1304,8
S4618,13
S3470,13
S1207,13
S1122,12
S1770,8
S2224,4
S486,12
S4751,15
S2942,6
S1553,3
S3779,5
S3268,1
S4398,11
S4150,5
S2428,1
S4224,4
S2653,3
S1283,1
S146,1
S3228,2
S3063,4
S1421,5
S704,8
S2593,13
S4769,9
S2508,11
S2211,13
S3527,15
S4042,7
S2638,13
S2895,9
S3663,15
S2477,4
S3599,5
S537,10
S1238,9
S3118,1
S1222,7
S4763,10
S4080,1
S4800,6
S4689,5
S4857,7
S2249,8
S4975,5
S2287,14
S3930,10
S2261,15
S1496,15
S3532,15
S2749,6
S3651,3
S579,15
S1929,12
S3491,3
S2655,4
S2892,10
S4844,13
S2069,7
S494,3
S318,15
S39,9
S3468,4
S912,13
S486,11
S4677,11
S1648,5
S3152,9
S1343,13
S1860,1
S915,12
S3346,9
S3017,13
S18,4
S391,2
S2064,6
S843,15
S3654,1
S2997,11
S3801,13
S1940,5
S361,5
S564,13
S4589,11
S67,10
S2825,1
S3691,10
S3098,13
S3106,7
S3248,2
S2505,6
S538,8
S2248,6
S4555,2
S1191,11
S4020,5
S582,13
S4251,9
S3751,15
S2512,2
S811,2
S1298,10
S3253,6
S2875,6
S440,11
S698,15
S4327,11
S1528,10
S429,8
S2599,12
S1637,14
S3732,1
S4250,15
S3008,9
S1076,3
S4161,7
S4331,12
S2669,10
S3233,12
S3595,13
S1636,4
S3136,13
S931,12
S4747,9
S1249,2
S4068,3
S44,13
S1576,8
S4791,8
S961,7
S2359,3
S560,3
S3412,4
S4469,14
S3148,9
S2592,7
S4927,5
S4007,8
S2720,8
S1134,10
S4876,12
S2889,4
S1902,9
S2616,14
S1062,5
S3623,13
S934,7
S4155,10
S135,6
S4000,10
S313,10
S3135,12
S2904,12
S1578,9
S4088,8
S792,3
S177,5
S3033,9
S4124,5
S4611,9
S4921,8
S3765,12
S1828,11
S2493,9
S1975,10
S2442,15
S4796,8
S2841,13
S3265,10
S3310,12
S750,13
S4013,5
S3375,6
S1068,4
S1545,15
S4370,8
S3110,11
S3718,6
S4962,14
S3611,6
S3085,15
S2689,10
S3995,11
S3511,14
S3051,12
S1710,15
S2803,2
S4771,3
S1567,4
S506,8
S4618,3
S3634,13
S802,8
S3669,3
S1836,7
S3529,11
S2855,2
S4949,11
S679,12
S1867,9
S1107,14
S4747,14
S2899,4
S2726,7
S2831,3
S2060,7
S603,4
S1883,11
S2997,13
S4085,5
S728,13
S69,3
S1539,13
S4055,6
S2703,13
S1494,8
S3488,9
S211,5
S2468,8
S2917,10
S4333,14
S1276,13
S496,12
S1652,6
S676,15
S69,15
S1150,4
S3552,9
S4383,11
S2293,10
S2172,4
S3151,5
S3540,2
S608,6
S4936,6
S530,6
S2069,1
S838,10
S170,9
S3637,9
S750,2
S1066,10
S140,6
S822,7
S3899,6
S3223,15
S4971,8
S1119,4
S3266,8
S1332,5
S4093,10
S1486,8
S2907,15
S990,13
S4181,6
S1156,14
S1338,12
S1588,2
S841,5
S4066,9
S1327,5
S2907,2
S4168,1
S4841,14
S2640,5
S3383,6
S658,3
S3651,15
S244,5
S4529,5
S619,6
S2800,3
S1601,1
S3289,13
S2416,12
S758,4
S2158,10
S3406,1
S1897,12
S3096,11
S3036,7
S1800,8
S4673,4
S3134,14
S2723,1
S2712,4
S2637,15
S3092,14
S2624,13
S979,4
S3332,9
S4553,10
S1674,3
S1992,1
S398,10
S1659,11
S4288,9
S4349,13
S1003,5
S4106,13
S4524,13
S907,6
S4682,10
S767,2
S3242,9
S615,7
S2969,10
S2093,13
S3585,15
S965,10
S1309,3
S700,9
S2167,14
S1041,13
S953,7
S4490,1
S4297,4
S2771,5
S4236,3
S1496,1
S2091,3
S3224,7
S4044,6
S1739,6
S409,2
S2174,12
S3199,10
S4100,5
S2030,12
S2301,12
S4782,5
S4233,11
S3404,15
S1853,12
S4844,14
S4982,4
S966,1
S3527,12
S1699,5
S315,1
S3706,1
S611,10
S3299,15
S1328,13
S1032,2
S2699,6
S4500,1
S4281,14
S2630,8
S2010,5
S2942,13
S2565,9
S4977,5
S670,12
S2123,8
S1750,3
S201,7
S3077,6
S1602,4
S3841,5
S1023,5
S3002,13
S1148,7
S304,13
S2613,5
S2494,11
S390,3
S3634,10
S3708,4
S2627,11
S3886,4
S1993,4
S2164,6
S2244,8
S4454,12
S4989,13
S305,14
S3533,14
S1531,15
S1956,11
S3664,8
S2383,12
S2931,4
S1992,7
S4827,12
S322,2
S2612,7
S4414,12
S1295,10
S705,2
S2124,2
S3753,3
S3364,8
S3879,10
S1678,13
S1807,7
S3073,12
S1612,8
S375,15
S4026,5
S1082,2
S3044,15
S3128,4
S1886,2
S3159,14
S1743,14
S134,8
S575,8
S3891,3
S3176,1
S1415,14
S366,7
S2388,13
S3549,10
S4164,11
S1035,5
S3030,6
S2326,7
S4408,7
S3440,4
S3907,5
S3865,7
S4985,12
S1670,10
S4477,9
S4640,15
S3072,6
S4421,5
S3412,5
S3174,3
S2305,12
S230,11
S3053,2
S148,15
S3082,9
S763,10
S2230,12
S4150,12
S4574,14
S4765,5
S375,6
S4527,1
S977,8
S3386,10
S4387,5
S2003,12
S2548,11
S4931,4
S3470,7
S2143,10
S3338,9
S4042,13
S3642,3
S2649,3
S847,7
S2017,9
S4398,8
S4061,9
S3890,3
S565,5
S1721,4
S853,12
S490,1
S2585,2
S744,12
S714,4
S3502,7
S1075,4
S3065,6
S84,1
S2195,1
S1154,7
S4699,1
S1824,5
S4935,3
S2477,11
S4447,5
S633,7
S3682,15
S914,2
S2306,9
S4766,5
S4142,11
S1517,9
S4885,1
S3375,11
S4310,15
S4181,10
S515,2
S3634,11
S2043,2
S447,9
S358,8
S3606,2
S266,2
S3351,12
S3503,8
S3925,13
S4394,6
S3996,7
S1119,11
S3566,3
S1052,1
S2572,12
S1104,14
S3655,12
S3423,3
S4048,3
S382,1
S4972,14
S3777,4
S3380,5
S2577,11
S769,7
S3889,5
S1321,11
S3536,11
S373,5
S3443,4
S40,6
S4234,6
S3793,6
S4344,5
S2250,1
S763,6
S4842,9
S1081,10
S3854,12
S3212,5
S2561,7
S1308,14
S345,8
S4787,7
S4462,13
S3480,3
S3259,3
S4125,10
S625,6
S1846,15
S3662,7
S1996,8
S4334,6
S1284,8
S4886,5
S4199,15
S2850,12
S986,4
S3594,2
S3127,8
S4759,11
S4998,2
S637,11
S682,14
S4751,14
S196,11
S1320,14
S720,8
S4767,6
S2956,1
S1976,13
S981,7
S2553,12
S1221,7
S4609,8
S980,5
S1476,11
S4149,15
S761,2
S4129,10
S581,11
S2545,8
S1938,11
S3704,3
S1007,10
S662,5
S1657,13
S2567,9
S3611,7
S2613,13
S2171,14
S3620,2
S1533,7
S4420,10
S3601,8
S4642,4
S2099,8
S3090,5
S263,7
S1595,12
S4333,5
S3038,5
S150,2
S2295,6
S3175,1
S4147,15
S3394,3
S1,8
S1014,6
S4048,11
S4597,15
S4672,8
S1566,7
S3842,3
S1284,12
S550,1
S780,4
S659,7
S1788,11
S587,15
S3031,9
S3556,12
S4618,14
S4267,7
S1541,5
S4499,14
S1222,5
S12,12
S3473,3
S722,13
S1488,11
S915,13
S2784,2
S2182,4
S1633,3
S4827,7
S3908,10
S2844,7
S4046,10
S3579,4
S2884,6
S4824,12
S2895,12
S52,7
S4189,12
S2365,7
S487,5
S3575,4
S397,5
S2344,1
S2824,10
S1829,1
S972,15
S94,12
S1159,8
S206,5
S251,14
S880,13
S1534,3
S803,9
S527,1
S1081,1
S2814,7
S4905,5
S3530,10
S3116,9
S1324,12
S4504,10
S605,7
S2602,7
S1205,4
S4939,1
S1727,11
S4844,9
S2035,15
S356,6
S4369,7
S2271,13
S1688,14
S4156,12
S232,10
S2804,4
S820,6
S3629,1
S2594,2
S4104,4
S2538,4
S3972,7
S572,7
S2388,6
S1364,6
S4054,2
S4672,6
S424,5
S4223,3
S3407,4
S4830,5
S4392,3
S3350,14
S2268,13
S3916,3
S221,4
S2390,3
S2233,6
S647,15
S485,10
S3640,11
S2328,14
S3112,13
S1150,13
S489,10
S2957,12
S3519,8
S3753,7
S3283,1
S4579,3
S2671,3
S348,5
S32,3
S2628,4
S2688,9
S4438,7
S302,11
S3078,13
S57,15
S1266,7
S2170,5
S251,10
S2183,8
S440,2
S941,9
S3601,15
S3040,1
S274,3
S1473,5
S3745,1
S631,8
S957,13
S3569,8
S1689,11
S674,11
S2576,1
S2884,8
S1026,3
S4879,14
S3831,12
S2713,2
S4404,3
S3149,14
S881,6
S1485,7
S1440,14
S862,10
S4987,1
S2236,14
S2549,6
S4052,5
S4409,14
S1179,3
S690,7
S1632,13
S3537,6
S2591,10
S1675,10
S2192,5
S323,10
S232,15
S3737,10
S2491,4
S787,4
S196,5
S958,15
S4570,3
S3640,4
S1326,5
S17,8
S4554,4
S2662,9
S4700,13
S62,10
S4236,6
S4146,3
S1965,3
S1029,3
S2457,2
S3592,4
S3425,6
S4504,13
S3811,9
S4775,1
S2140,7
S1301,1
S4483,2
S1069,8
S925,2
S805,2
S3516,6
S3603,11
S3337,5
S1009,6
S4785,13
S3492,7
S1497,11
S1657,9
S1924,9
S1102,5
S2939,4
S4800,13
S550,14
S3461,12
S1429,1
S2712,7
S2539,6
S587,14
S2368,9
S2044,2
S2174,13
S4597,7
S3603,4
S4275,5
S4932,1
S553,3
S2202,13
S497,14
S174,4
S3139,4
S1980,10
S302,4
S1763,9
S1177,13
S4959,6
S755,4
S262,6
S1972,8
S1649,6
S1947,10
S2799,14
S2954,9
S3512,6
S338,3
S1924,3
S1801,9
S401,2
S4693,7
S4754,4
S68,9
S244,3
S67,11
S4281,5
S196,4
S4370,14
S2539,3
S1245,9
S4529,2
S2886,8
S302,1
S3536,14
S1719,7
S2448,12
S3731,15
S4146,7
S4205,10
S1365,7
S3145,1
S4505,15
S2521,7
S3961,11
S2626,7
S275,9
S3619,13
S1601,2
S4709,4
S4221,6
S1498,12
S589,13
S2755,10
S3653,11
S3274,1
S2284,12
S211,3
S196,1
S3657,1
S2618,1
S1098,14
S3097,8
S4804,4
S1074,8
S944,8
S3526,3
S4645,2
S2116,3
S3542,10
S3828,6
S3703,5
S3414,6
S2463,3
S562,5
S2497,9
S1219,12
S4078,5
S3650,4
S633,12
S1790,9
S492,10
S913,12
S3851,1
S502,13
S2234,10
S3778,15
S1379,4
S375,8
S2912,15
S1957,12
S2008,8
S4582,12
S4623,10
S2612,3
S1311,5
S420,7
S2332,12
S4622,6
S2716,1
S4292,9
S3879,1
S4954,15
S2659,14
S312,6
S2483,10
S471,4
S449,14
S2698,5
S1620,3
S4563,7
S2889,12
S1787,11
S26,10
S87,4
S2132,11
S3140,11
S861,11
S3118,6
S2914,7
S340,4
S116,1
S4343,9
S292,8
S4188,3
S2983,11
S543,5
S2771,4
S1270,13
S3378,8
S712,12
S1893,10
S179,9
S4637,11
S3032,1
S82,15
S2450,12
S4285,14
S2392,15
S638,12
S3867,7
S3392,15
S769,4
S554,11
S2234,8
S1232,14
S2103,15
S1503,1
S2607,15
S2243,9
S1725,4
S3298,14
S4517,3
S4573,6
S4240,9
S4714,3
S2107,12
S2350,5
S1001,15
S2878,4
S3013,8
S1398,15
S660,9
S1921,6
S286,2
S4626,13
S3019,2
S76,10
S4133,12
S660,5
S4302,5
S3437,4
S561,1
S4086,9
S2778,10
S2052,9
S4727,1
S4166,14
S4823,9
S2211,9
S3502,12
S905,2
S2980,6
S2767,1
S4030,3
S1714,2
S1568,13
S903,7
S3268,11
S435,4
S4055,3
S2323,4
S1201,9
S4275,6
S2854,12
S2410,1
S547,8
S2226,13
S4750,5
S443,7
S2992,13
S4055,8
S2325,4
S472,13
S2286,11
S3899,7
S1125,11
S3624,12
S3434,9
S4060,7
S4683,4
S4608,5
S2316,7
S1259,11
S885,15
S1405,8
S2547,6
S1792,8
S1753,10
S1859,14
S874,11
S4537,5
S839,5
S4583,12
S1111,3
S1403,9
S353,11
S4186,4
S773,12
S747,11
S1852,14
S1105,12
S4973,1
S1243,4
S3927,10
S414,8
S83,9
S4870,2
S4919,2
S3606,9
S3314,8
S3425,1
S993,7
S677,10
S463,5
S4863,4
S429,10
S4384,2
S354,2
S183,4
S2648,5
S4965,10
S2324,1
S2819,5
S4476,14
S3326,13
S4864,10
S802,2
S2392,10
S2693,7
S1833,9
S4208,5
S1687,6
S3668,9
S3836,12
S2712,13
S2111,7
S1505,4
S4269,11
S1583,11
S4560,7
S1928,12
S309,1
S1933,5
S622,14
S72,11
S1617,7
S4668,9
S750,5
S750,1
S1704,15
S1589,1
S3809,3
S2776,2
S897,15
S2836,8
S1755,9
S4846,10
S111,15
S2162,14
S2450,8
S3802,2
S3889,8
S1182,2
S644,5
S4175,9
S2924,1
S1463,6
S1740,14
S2204,14
S1436,11
S2972,7
S1452,4
S1349,12
S4093,11
S757,8
S2463,4
S93,1
S4783,3
S4615,6
S825,8
S1808,10
S1949,1
S1094,12
S1913,15
S361,9
S1175,9
S1815,4
S3712,2
S763,13
S133,15
S3425,7
S177,15
S3864,12
S1354,12
S4238,7
S4062,13
S3358,15
S441,15
S3312,6
S820,3
S1374,7
S2754,4
S3506,12
S3521,4
S3609,1
S3348,12
S2609,14
S4735,9
S2076,14
S2223,14
S327,1
S3011,4
S4656,14
S78,7
S4860,1
S1761,5
S705,10
S4143,8
S2,9
S3289,5
S186,9
S4515,2
S4603,12
S3252,10
S3376,9
S3622,10
S3564,2
S3816,13
S2272,13
S1821,5
S2411,12
S571,15
S632,5
S3794,13
S3953,7
S4019,9
S4,4
S4188,1
S3,6
S1486,2
S1675,5
S1501,13
S4169,5
S3925,12
S3303,3
S19,6
S342,3
S935,13
S1940,11
S1400,13
S4317,1
S3093,11
S2047,4
S2187,6
S2245,4
S1145,6
S1927,4
S6,1
S3804,2
S554,8
S2691,11
S2077,10
S2400,6
S2633,3
S4961,15
S1844,3
S3065,7
S3565,12
S4447,6
S2947,8
S1873,12
S4054,1
S3133,5
S2719,2
S3835,7
S3030,2
S4923,8
S2568,3
S1093,2
S2907,3
S1900,13
S972,7
S3110,7
S3371,7
S809,12
S4278,1
S2541,11
S1810,2
S3002,15
S1494,3
S1372,4
S237,7
S2627,6
S338,14
S4757,7
S4007,9
S3704,14
S4013,10
S4256,3
S1513,11
S975,14
S3225,2
S1951,2
S1139,9
S3313,6
S2665,13
S1619,1
S1318,15
S231,9
S2214,14
S2735,15
S2425,9
S2818,13
S52,14
S2946,2
S3015,2
S4923,9
S2947,7
S288,3
S335,9
S1589,5
S4169,2
S1783,8
S2525,2
S3956,7
S4503,7
S4023,15
S2435,10
S4597,4
S2181,2
S3195,7
S3739,10
S886,2
S504,14
S4861,2
S555,4
S4115,5
S3586,1
S268,5
S3738,3
S3230,3
S3353,14
S2099,4
S3052,4
S1212,3
S4652,7
S2698,9
S3835,5
S4017,15
S1357,12
S4869,12
S2571,13
S413,15
S2322,10
S2516,8
S2297,7
S4838,5
S379,14
S3703,9
S3832,11
S2604,12
S726,2
S4227,5
S1991,2
S2275,15
S2374,1
S2536,8
S4675,9
S2942,8
S2198,10
S3994,10
S184,1
S887,13
S664,10
S4293,9
S3108,13
S2769,11
S1994,8
S1338,5
S930,4
S1385,13
S4829,3
S2553,4
S3363,14
S2291,1
S1708,8
S3986,10
S2477,10
S4213,12
S4510,1
S179,12
S1680,5
S439,4
S1744,5
S4288,5
S3318,9
S408,7
S984,15
S3444,14
S4398,6
S1926,15
S1678,12
S2113,2
S4260,11
S782,13
S2667,7
S604,15
S4428,11
S4596,10
S54,8
S4456,6
S316,3
S2013,7
S2147,2
S98,3
S822,2
S106,9
S1776,7
S260,9
S4473,1
S4325,12
S1786,15
S1738,6
S754,5
S3149,1
S3461,5
S2687,2
S356,1
S4576,14
S703,2
S4563,15
S4938,15
S1445,13
S1857,3
S4638,2
S2996,7
S1906,12
S2302,7
S2888,14
S696,5
S1393,1
S1651,4
S871,2
S1733,15
S3115,8
S512,14
S3935,6
S2646,6
S2450,7
S1323,14
S1340,2
S495,4
S2603,8
S4407,3
S1689,12
S1532,11
S3828,10
S2776,14
S4459,4
S4944,4
S3148,8
S4174,2
S4181,5
S4541,10
S2228,11
S4049,5
S4976,5
S892,14
S2582,6
S2920,14
S4247,7
S284,10
S4286,1
S1719,10
S1034,4
S4796,14
S4132,1
S892,11
S1421,15
S2798,7
S3724,3
S1888,14
S4619,9
S3648,8
S1373,4
S426,2
S404,7
S3801,4
S2121,1
S2790,15
S1599,1
S1113,9
S3161,4
S37,1
S3486,5
S4933,8
S4284,13
S4629,3
S4055,12
S3948,12
S4385,5
S1569,8
S22,15
S2924,7
S4335,1
S1699,6
S4074,5
S4323,12
S2647,6
S3359,7
S1957,10
S1646,3
S1306,4
S2805,11
S3585,10
S1912,8
S1023,11
S2933,5
S2536,5
S383,8
S4317,4
S1034,15
S3234,5
S2191,8
S1867,2
S377,2
S791,10
S3212,1
S3405,11
S1909,8
S3366,10
S2865,11
S4551,6
S2314,5
S4473,6
S3621,9
S2590,13
S3560,6
S241,14
S450,13
S3881,2
S421,13
S4245,14
S1241,13
S3015,11
S6,3
S703,14
S922,6
S883,4
S137,2
S1140,7
S489,13
S2409,6
S3627,8
S20,13
S3205,13
S4277,13
S2222,1
S3966,5
S3050,7
S1486,7
S3,1
S4962,10
S3904,11
S1454,7
S2548,15
S2474,12
S799,1
S2012,12
S135,14
S1761,6
S3764,6
S1205,15
S2855,3
S4944,6
S4568,14
S3429,11
S145,5
S10,15
S4014,6
S821,1
S1271,12
S341,11
S3116,15
S413,8
S1775,8
S1007,2
S1171,5
S1008,4
S1823,11
S777,2
S2992,15
S1099,4
S1529,1
S4997,1
S1647,6
S3740,13
S423,7
S2627,4
S2267,13
S1406,6
S270,15
S1071,2
S2317,7
S2933,3
S812,13
S3107,13
S4475,15
S134,3
S569,2
S3244,14
S3329,6
S2133,6
S1810,10
S2439,9
S272,8
S4034,10
S778,13
S3198,8
S2852,10
S2094,4
S4225,4
S151,9
S582,14
S1694,6
S4256,8
S1054,6
S1271,10
S4271,3
S4860,9
S4389,3
S1310,6
S1854,6
S3603,1
S1241,7
S1149,4
S2564,2
S4755,5
S374,15
S3855,9
S3461,2
S1556,5
S2876,3
S65,3
S1045,6
S521,13
S3912,4
S2550,1
S1557,11
S855,5
S1821,9
S1640,5
S742,4
S1127,13
S4136,14
S2760,7
S2871,5
S4330,15
S3203,13
S138,11
S3230,6
S1529,8
S3056,9
S1401,6
S3580,5
S947,8
S1762,9
S2855,6
S1643,3
S2631,5
S2487,5
S4141,7
S1919,3
S998,15
S221,15
S1107,12
S1433,11
S3486,6
S3142,5
S4804,9
S954,13
S3732,10
S4370,12
S518,14
S165,8
S3647,7
S3406,3
S2738,13
S4761,13
S682,8
S3124,13
S1000,3
S4284,14
S1797,4
S4073,5
S1350,14
S1520,2
S1230,12
S4833,4
S3125,5
S2729,2
S249,11
S2305,3
S3038,14
S91,14
S2863,5
S1721,13
S3641,4
S1242,6
S2143,9
S2860,4
S87,10
S1892,2
S4228,2
S2723,15
S3357,11
S2368,15
S4433,2
S451,11
S663,9
S4409,9
S4751,12
S2677,13
S4448,10
S170,4
S4123,11
S4050,9
S3851,7
S1643,12
S3799,4
S4813,12
S2145,13
S2012,10
S1507,7
S4515,13
S314,13
S2940,6
S605,14
S1691,3
S2175,10
S2478,14
S3766,1
S4422,14
S4903,2
S714,3
S3644,6
S3729,7
S876,15
S2380,14
S1621,1
S4259,15
S3561,1
S604,9
S722,3
S1758,4
S4328,12
S252,2
S1374,14
S2515,1
S3851,15
S996,7
S2038,7
S1150,8
S3541,13
S234,8
S4948,2
S1863,3
S160,8
S2156,2
S3837,3
S1476,3
S1137,2
S277,15
S2590,14
S2673,10
S4300,14
S616,14
S506,1
S2550,10
S1282,5
S3944,5
S494,10
S1777,10
S905,15
S3386,3
S2817,6
S1063,2
S3074,12
S3956,6
S3643,6
S4262,9
S262,3
S735,12
S1776,10
S972,1
S2911,5
S1939,7
S3097,1
S2069,11
S2209,5
S3871,3
S1770,3
S2571,7
S3628,6
S2997,9
S3913,2
S3468,12
S554,14
S4667,12
S560,15
S4407,13
S3592,2
S2037,12
S416,14
S2860,13
S986,2
S2680,13
S321,7
S321,5
S3480,12
S1443,5
S4831,4
S3113,4
S403,14
S1951,4
S3380,10
S484,7
S2992,6
S2321,8
S3685,11
S3527,9
S3826,2
S581,8
S1639,13
S744,9
S1690,14
S2329,1
S3517,1
S3037,13
S321,11
S1262,7
S1321,13
S970,13
S2900,11
S3307,10
S2371,5
S4235,15
S699,2
S1573,1
S1567,9
S3119,6
S3063,10
S4768,4
S758,11
S1326,11
S164,2
S494,13
S2092,13
S4139,4
S2231,7
S4721,9
S3700,14
S1678,9
S1068,9
S4484,14
S1902,3
S937,15
S4615,4
S1329,11
S2622,4
S2085,11
S1285,12
S107,6
S4191,8
S3459,6
S3888,14
S1561,2
S2798,5
S1584,1
S2631,8
S4641,10
S3787,7
S4347,14
S4214,4
S4818,7
S3178,1
S3195,8
S112,5
S420,4
S2175,14
S3400,10
S3422,2
S979,3
S3313,2
S3846,13
S1154,2
S1317,14
S1661,9
S1718,15
S2720,13
S2006,7
S80,5
S2326,13
S256,7
S1659,9
S1635,11
S2477,3
S1600,2
S849,15
S3294,10
S4307,6
S4229,13
S4996,11
S1114,15
S926,5
S2439,4
S966,3
S753,14
S608,15
S1541,6
S872,9
S89,13
S3640,10
S3727,7
S3542,8
S4468,7
S3033,11
S2172,2
S813,12
S1001,13
S3492,14
S1309,14
S937,5
S1499,6
S3989,11
S2052,1
S1100,9
S4401,5
S3752,5
S2832,14
S3940,11
S3081,1
S2923,3
S2903,4
S2778,9
S2584,5
S1950,15
S4119,11
S3079,4
S4796,15
S2259,1
S1039,6
S147,12
S4726,6
S4191,13
S4624,15
S216,5
S1844,7
S743,7
S3788,5
S2555,7
S2540,4
S4581,4
S2667,5
S4545,12
S158,12
S2361,3
S4641,12
S3594,11
S3256,1
S560,11
S1620,2
S1524,5
S2048,1
S2096,14
S1698,8
S1689,7
S132,11
S3027,3
S2054,10
S2533,8
S3352,13
S1501,15
S1432,2
S2721,13
S410,9
S1742,9
S3848,5
S1595,4
S4219,7
S362,3
S3555,9
S3697,13
S758,12
S330,15
S628,6
S4531,2
S2896,13
S562,4
S5000,9
S576,14
S3498,14
S768,11
S4111,12
S4536,2
S2267,2
S1181,3
S1258,11
S4368,12
S4268,12
S1554,11
S2922,2
S4708,1
S1128,11
S1072,13
S2846,7
S306,3
S2593,3
S4376,5
S666,7
S3394,2
S2244,13
S3625,9
S2879,9
S1846,11
S1652,10
S4762,14
S3743,11
S556,13
S4890,7
S4843,4
S4546,2
S3428,9
S1384,5
S1337,14
S392,2
S1326,10
S1285,6
S3730,7
S36,13
S262,10
S3337,7
S1475,6
S2026,11
S3676,12
S3571,1
S4967,14
S3351,14
S875,13
S501,5
S1672,6
S2616,3
S53,12
S4374,4
S3192,10
S217,3
S4761,12
S3613,5
S4344,8
S4651,13
S288,9
S3601,12
S1347,7
S728,12
S1617,11
S4377,11
S3109,8
S2471,1
S2608,8
S4341,4
S4440,10
S1171,7
S729,15
S3722,9
S3227,10
S2454,3
S3389,8
S1421,11
S3203,1
S4898,1
S549,5
S3230,4
S557,9
S2487,3
S3372,7
S3759,5
S4157,10
S50,11
S3586,12
S4409,1
S3381,1
S3099,9
S2257,11
S3397,12
S468,11
S4733,7
S3146,10
S290,11
S4204,2
S816,7
S1,13
S4738,3
S1345,4
S1159,5
S4900,5
S4259,7
S4757,6
S2418,5
S3588,12
S353,4
S2008,2
S1339,13
S3540,4
S3578,8
S3122,11
S3225,12
S2794,8
S2086,15
S1121,4
S4784,13
S4588,4
S346,10
S2558,7
S4229,3
S2718,6
S671,4
S4365,8
S630,14
S374,3
S754,12
S3878,15
S3288,8
S300,3
S1830,6
S4318,3
S1444,8
S2460,5
S1736,9
S1055,14
S4413,3
S405,3
S4538,7
S2994,15
S3572,2
S357,11
S128,13
S4583,2
S1150,9
S2424,14
S2943,13
S4422,9
S4603,3
S4326,15
S3293,14
S57,4
S1271,14
S759,14
S4098,8
S1564,7
S3528,15
S1791,5
S206,8
S4201,6
S1167,7
S4370,13
S2867,1
S4791,4
S819,11
S1275,15
S3748,15
S4712,2
S2701,12
S3900,3
S4842,2
S3420,8
S1667,10
S1634,8
